,name,af3_seed,af3_sample,af3_ranking,ptm,iptm,chain_ptm_A,chain_pair_iptm_A_B,chain_pair_iptm_A_P,chain_pair_iptm_A_M,chain_ptm_B,chain_pair_iptm_B_P,chain_pair_iptm_B_M,chain_ptm_P,chain_pair_iptm_P_M,chain_ptm_M,avg_plddt,avg_pae,avg_pae_A,min_pae_A,max_pae_A,avg_plddt_A,min_plddt_A,max_plddt_A,avg_pae_interaction_A_B,min_pae_interaction_A_B,max_pae_interaction_A_B,avg_contact_probs_A_B,min_contact_probs_A_B,max_contact_probs_A_B,avg_pae_interaction_A_P,min_pae_interaction_A_P,max_pae_interaction_A_P,avg_contact_probs_A_P,min_contact_probs_A_P,max_contact_probs_A_P,avg_pae_interaction_A_M,min_pae_interaction_A_M,max_pae_interaction_A_M,avg_contact_probs_A_M,min_contact_probs_A_M,max_contact_probs_A_M,avg_pae_B,min_pae_B,max_pae_B,avg_plddt_B,min_plddt_B,max_plddt_B,avg_pae_interaction_B_P,min_pae_interaction_B_P,max_pae_interaction_B_P,avg_contact_probs_B_P,min_contact_probs_B_P,max_contact_probs_B_P,avg_pae_interaction_B_M,min_pae_interaction_B_M,max_pae_interaction_B_M,avg_contact_probs_B_M,min_contact_probs_B_M,max_contact_probs_B_M,avg_pae_P,min_pae_P,max_pae_P,avg_plddt_P,min_plddt_P,max_plddt_P,avg_pae_interaction_P_M,min_pae_interaction_P_M,max_pae_interaction_P_M,avg_contact_probs_P_M,min_contact_probs_P_M,max_contact_probs_P_M,avg_pae_M,min_pae_M,max_pae_M,avg_plddt_M,min_plddt_M,max_plddt_M,avg_pae_interaction_cdr3a_M,min_pae_interaction_cdr3a_M,max_pae_interaction_cdr3a_M,std_pae_interaction_cdr3a_M,avg_pae_interaction_cdr3b_M,min_pae_interaction_cdr3b_M,max_pae_interaction_cdr3b_M,std_pae_interaction_cdr3b_M,avg_contact_probs_cdr3a_M,max_contact_probs_cdr3a_M,avg_contact_probs_cdr3b_M,max_contact_probs_cdr3b_M,avg_pae_interaction_cdr3a_P,min_pae_interaction_cdr3a_P,max_pae_interaction_cdr3a_P,std_pae_interaction_cdr3a_P,avg_pae_interaction_cdr3b_P,min_pae_interaction_cdr3b_P,max_pae_interaction_cdr3b_P,std_pae_interaction_cdr3b_P,avg_contact_probs_cdr3a_P,max_contact_probs_cdr3a_P,avg_contact_probs_cdr3b_P,max_contact_probs_cdr3b_P
0,MEL8_MRP3,1,0,0.8,0.71,0.68,0.68,0.75,0.7,0.58,0.74,0.66,0.56,0.02,0.78,0.64,79.75303260146374,15.937268255107579,12.201072065047892,0.8,31.7,78.4042674858223,17.36,97.14,12.413716560965142,1.4,31.7,0.0026101521148252345,0.0,1.0,16.628675373134328,4.0,31.7,0.002541044776119403,0.0,0.78,19.685896544673888,2.2,31.7,0.0001817624207728481,0.0,0.93,10.628921393502026,0.8,31.6,83.91305771592303,21.41,97.45,15.678897763578274,4.5,31.6,0.004370607028753993,0.0,0.66,19.210352750667425,3.0,31.7,0.0001712109939165828,0.0,0.84,4.032,0.8,10.6,69.64070422535211,51.69,77.84,15.17854794520548,3.3,31.7,0.01318904109589041,0.0,0.91,15.208674798273593,0.8,31.7,77.46846447140382,11.84,96.96,15.688698630136987,3.4,31.7,9.235855476815791,16.031523972602738,3.0,31.7,9.525241578540793,0.00015410958904109589,0.23,0.00236986301369863,0.84,9.785625,5.1,16.3,2.5821949692800117,8.6934375,4.8,16.1,2.4734693617657264,0.00925,0.62,0.07462500000000001,0.66
1,MEL8_MRP3,1,1,0.8,0.71,0.68,0.69,0.75,0.68,0.58,0.74,0.63,0.56,0.02,0.77,0.64,79.79293945442447,15.940946740253148,12.132373579861884,0.8,31.7,78.63866257088847,17.67,97.15,12.426919317152258,1.4,31.7,0.0026101521148252345,0.0,1.0,17.084869402985078,4.0,31.7,0.002541044776119403,0.0,0.78,19.678845328153756,2.2,31.7,0.0001817624207728481,0.0,0.93,10.694118547703866,0.8,31.7,83.7930986492018,21.2,97.4,16.23456869009585,4.9,31.6,0.004370607028753993,0.0,0.66,19.24108276073351,3.3,31.7,0.0001712109939165828,0.0,0.84,4.285,0.8,11.4,67.74901408450705,49.73,76.2,15.495315068493149,3.7,31.7,0.01318904109589041,0.0,0.91,15.102016138112218,0.8,31.7,77.54863431542461,11.42,96.84,15.57580479452055,3.3,31.7,9.206724679171156,16.37337328767123,3.3,31.7,9.487805976676972,0.00015410958904109589,0.23,0.00236986301369863,0.84,10.220625,5.3,16.9,2.8276778652058296,9.5403125,5.1,18.8,2.7886656580421665,0.00925,0.62,0.07462500000000001,0.66
2,MEL8_MRP3,1,2,0.8,0.71,0.68,0.68,0.75,0.7,0.57,0.73,0.64,0.56,0.02,0.77,0.65,79.82084098469727,15.930793622310535,12.31925818667855,0.8,31.7,78.31571833648393,17.55,97.19,12.529609937532783,1.4,31.7,0.0026101521148252345,0.0,1.0,16.982126865671642,3.9,31.7,0.002541044776119403,0.0,0.78,19.66814659578818,2.2,31.7,0.0001817624207728481,0.0,0.93,10.724334228174216,0.8,31.6,83.87945968072043,21.29,97.53,16.024041533546328,4.7,31.6,0.004370607028753993,0.0,0.66,19.117321983456605,3.3,31.7,0.0001712109939165828,0.0,0.84,4.151,0.8,10.8,68.74507042253522,51.42,77.13,15.21467123287671,3.5,31.7,0.01318904109589041,0.0,0.91,15.037549258772755,0.8,31.7,77.76053379549394,12.07,96.9,15.33695205479452,3.3,31.7,9.189662202440388,16.00745719178082,3.3,31.7,9.43221454770047,0.00015410958904109589,0.23,0.00236986301369863,0.84,9.796875,5.3,16.1,2.625081471949966,9.1784375,5.0,16.9,2.6181107326837325,0.00925,0.62,0.07462500000000001,0.66
3,MEL8_MRP3,1,3,0.79,0.71,0.68,0.68,0.74,0.7,0.57,0.73,0.65,0.55,0.02,0.78,0.65,79.72414371257484,16.00341446228182,12.194453107596347,0.8,31.7,78.40090737240077,21.04,97.15,12.496327666777931,1.4,31.7,0.0026101521148252345,0.0,1.0,16.938731343283578,3.9,31.4,0.002541044776119403,0.0,0.78,19.783589756695974,2.1,31.7,0.0001817624207728481,0.0,0.93,10.775164592881422,0.8,31.7,83.87519852640197,21.62,97.48,16.03182108626198,4.8,31.6,0.004370607028753993,0.0,0.66,19.313350693684626,3.0,31.7,0.0001712109939165828,0.0,0.84,4.079999999999999,0.8,10.4,68.69478873239436,51.46,76.91,15.204972602739726,3.5,31.7,0.01318904109589041,0.0,0.91,15.103787577406644,0.8,31.7,77.45101559792028,11.72,96.9,15.95888698630137,3.3,31.7,9.197328367719958,16.093347602739726,3.0,31.7,9.482593160108221,0.00015410958904109589,0.23,0.00236986301369863,0.84,10.122499999999999,5.1,17.6,2.686934824293288,9.03125,4.9,16.1,2.582578350699161,0.00925,0.62,0.07462500000000001,0.66
4,MEL8_MRP3,1,4,0.79,0.7,0.67,0.68,0.74,0.67,0.56,0.73,0.64,0.54,0.02,0.75,0.64,79.22063606121093,16.189939995798394,12.37096652929383,0.8,31.7,78.02353497164461,16.97,97.11,12.598188569929903,1.4,31.7,0.0026101521148252345,0.0,1.0,17.34626865671642,4.3,31.7,0.002541044776119403,0.0,0.78,19.988155796360658,2.3,31.7,0.0001817624207728481,0.0,0.93,10.763227143280018,0.8,31.7,83.71580024559968,21.24,97.48,16.365495207667735,4.7,31.6,0.004370607028753993,0.0,0.66,19.541459144820344,3.4,31.7,0.0001712109939165828,0.0,0.84,4.38,0.8,11.3,67.15591549295773,49.91,75.85,15.831561643835617,3.6,31.7,0.01318904109589041,0.0,0.91,15.41045599549634,0.8,31.7,76.5890849220104,11.79,96.87,16.096541095890412,3.5,31.7,9.271588193239788,16.523707191780822,3.4,31.7,9.458496332204087,0.00015410958904109589,0.23,0.00236986301369863,0.84,10.599375,5.3,17.8,2.878921171094304,9.42625,5.0,17.1,2.667430587194351,0.00925,0.62,0.07462500000000001,0.66
5,MEL8_MUC-16TSS,1,0,0.79,0.7,0.67,0.69,0.75,0.65,0.53,0.74,0.61,0.49,0.02,0.81,0.65,79.87949161565078,16.215241001558095,12.058924593450657,0.8,31.7,78.70671077504726,20.78,97.23,12.35597491774355,1.4,31.7,0.0026229078250917933,0.0,1.0,17.345578358208954,4.5,31.3,0.00232089552238806,0.0,0.69,20.301019218973625,3.0,31.7,0.0001797178491106113,0.0,0.89,10.606576570139534,0.8,31.7,83.69896848137536,20.36,97.72,16.58744408945687,4.9,31.6,0.004271565495207668,0.0,0.58,19.916782791369425,4.5,31.7,0.00018819204341546673,0.0,0.72,4.521000000000001,0.8,9.9,71.97242857142858,45.12,87.06,14.8186301369863,1.8,31.7,0.013383561643835617,0.0,0.96,15.114314130230813,0.8,31.7,77.69720970537261,10.61,97.56,16.362328767123287,4.2,31.7,8.724635176350088,17.334152397260272,4.6,31.7,8.768638303015118,0.00020890410958904112,0.29,0.0023904109589041097,0.72,10.100624999999999,5.5,19.1,2.962294230723039,9.846875,5.1,19.1,2.772880313748684,0.010750000000000001,0.62,0.073875,0.56
6,MEL8_MUC-16TSS,1,1,0.77,0.69,0.65,0.69,0.75,0.59,0.51,0.74,0.55,0.47,0.01,0.76,0.64,79.3989526217727,16.48618021393183,12.051732011583875,0.8,31.7,78.5483506616257,16.49,97.07,12.306344475704545,1.4,31.7,0.0026229078250917933,0.0,1.0,18.82242537313433,5.1,31.6,0.00232089552238806,0.0,0.69,20.74742179513392,3.2,31.7,0.0001797178491106113,0.0,0.89,10.588392246526961,0.8,31.6,83.58533360622185,20.65,97.71,18.09329073482428,5.7,31.6,0.004271565495207668,0.0,0.58,20.398061184296907,4.8,31.7,0.00018819204341546673,0.0,0.72,5.678999999999999,0.8,13.2,65.91671428571428,37.17,85.02,16.250657534246574,1.9,31.7,0.013383561643835617,0.0,0.96,15.362255582660909,0.8,31.7,76.80494974003466,10.59,97.27,16.785890410958906,4.4,31.7,8.480510062460693,17.98130136986301,4.8,31.7,8.602190387966314,0.00020890410958904112,0.29,0.0023904109589041097,0.72,11.67625,6.2,22.7,3.7750411835501874,11.596249999999998,5.9,23.3,3.5536669001891554,0.010750000000000001,0.62,0.073875,0.56
7,MEL8_MUC-16TSS,1,2,0.77,0.69,0.65,0.68,0.75,0.61,0.51,0.73,0.59,0.49,0.01,0.78,0.65,79.62030875698696,16.330572490852752,12.072588549788373,0.8,31.7,78.58448015122873,20.39,97.16,12.38074483810977,1.4,31.7,0.0026229078250917933,0.0,1.0,18.097313432835822,4.9,31.3,0.00232089552238806,0.0,0.69,20.493044878347987,2.9,31.7,0.0001797178491106113,0.0,0.89,10.680727577090712,0.8,31.6,83.82667212443717,20.96,97.77,17.270239616613416,5.0,31.6,0.004271565495207668,0.0,0.58,20.060084029935666,4.6,31.7,0.00018819204341546673,0.0,0.72,5.212999999999999,0.8,11.8,67.98057142857144,39.32,86.0,15.650164383561645,1.9,31.7,0.013383561643835617,0.0,0.96,15.176241696378302,0.8,31.7,77.10053379549393,10.33,97.35,16.780496575342465,4.4,31.7,8.657854425119634,17.528946917808216,4.6,31.7,8.733310909326606,0.00020890410958904112,0.29,0.0023904109589041097,0.72,10.844375,6.0,19.7,3.071252734532767,10.5815625,5.1,21.6,3.1406514146899127,0.010750000000000001,0.62,0.073875,0.56
8,MEL8_MUC-16TSS,1,3,0.76,0.69,0.65,0.69,0.75,0.58,0.5,0.73,0.55,0.47,0.01,0.77,0.65,79.39959142933192,16.524095450884964,12.108403876141677,0.8,31.7,78.304404536862,20.21,97.06,12.428417815077964,1.5,31.7,0.0026229078250917933,0.0,1.0,18.87222014925373,5.2,31.3,0.00232089552238806,0.0,0.69,20.845862809241467,3.3,31.7,0.0001797178491106113,0.0,0.89,10.705609937837481,0.8,31.6,83.32698321735572,20.55,97.62,18.110111821086264,5.6,31.6,0.004271565495207668,0.0,0.58,20.44852860081404,5.1,31.7,0.00018819204341546673,0.0,0.72,5.5520000000000005,0.8,12.7,66.173,37.99,85.51,15.997383561643836,1.8,31.7,0.013383561643835617,0.0,0.96,15.131946706699193,0.8,31.7,77.19808665511265,10.99,97.24,16.663715753424658,4.5,31.7,8.353744970298825,18.093082191780823,5.1,31.7,8.489862513615508,0.00020890410958904112,0.29,0.0023904109589041097,0.72,11.491249999999999,6.1,22.5,3.6628948166033926,11.734375,5.8,23.3,3.566722004779038,0.010750000000000001,0.62,0.073875,0.56
9,MEL8_MUC-16TSS,1,4,0.76,0.68,0.64,0.68,0.75,0.57,0.49,0.74,0.55,0.46,0.01,0.76,0.64,79.3885001330849,16.638236156579893,12.206149754956561,0.8,31.7,78.41408317580341,16.32,97.16,12.480729340517858,1.4,31.7,0.0026229078250917933,0.0,1.0,19.14188432835821,5.2,31.6,0.00232089552238806,0.0,0.69,20.910722756082603,3.2,31.7,0.0001797178491106113,0.0,0.89,10.7144668211373,0.8,31.7,83.63964797380271,20.23,97.83,18.3632428115016,5.9,31.6,0.004271565495207668,0.0,0.58,20.593746334631717,4.8,31.7,0.00018819204341546673,0.0,0.72,6.65,0.8,20.8,61.68057142857143,38.13,85.41,16.638561643835615,1.8,31.7,0.013383561643835617,0.0,0.96,15.38687258397448,0.8,31.7,76.93299480069324,10.2,97.51,17.001866438356164,4.6,31.7,8.537089403831414,18.285650684931507,4.8,31.7,8.580394460463754,0.00020890410958904112,0.29,0.0023904109589041097,0.72,11.95,6.2,23.4,4.194326525200441,12.153749999999999,5.9,26.4,4.350745446185056,0.010750000000000001,0.62,0.073875,0.56
10,MEL5_IMP1,1,0,0.81,0.72,0.69,0.68,0.75,0.8,0.59,0.71,0.79,0.59,0.02,0.93,0.65,81.52584476101718,16.04651813693738,12.313741642951484,0.8,31.7,80.2207360525082,16.74,97.58,12.627052731817642,1.4,31.7,0.002637067015831448,0.0,1.0,13.748579335793359,2.4,31.6,0.004162361623616236,0.0,0.89,19.83896224030734,2.3,31.7,0.00025729161401203055,0.0,0.93,10.951686784599376,0.8,31.7,85.10794966996698,20.98,97.94,12.80641935483871,2.9,31.5,0.005732258064516129,0.0,0.91,19.283904551480333,2.4,31.7,0.0001921343349536014,0.0,0.92,2.307,0.8,5.0,87.54666666666665,64.81,95.56,12.256657534246575,1.3,31.7,0.013087671232876711,0.0,0.99,15.42346931882154,0.8,31.7,79.33705372616984,10.51,98.43,14.20692403486924,3.0,31.7,9.675962146730631,14.514374429223743,2.4,31.7,9.754311340264696,0.0023088418430884184,0.89,0.002599086757990867,0.92,4.945,2.9,8.8,1.2838587078873522,4.650999999999999,2.9,9.1,1.2585569779182295,0.040999999999999995,0.89,0.1114,0.91
11,MEL5_IMP1,1,1,0.8,0.71,0.68,0.68,0.75,0.8,0.58,0.71,0.78,0.57,0.02,0.93,0.65,81.52554386899214,16.05405859928923,12.234720387794283,0.8,31.7,80.49261603375527,20.53,97.74,12.536843828115703,1.4,31.7,0.002637067015831448,0.0,1.0,13.770129151291513,2.3,31.4,0.004162361623616236,0.0,0.89,19.854426022342416,2.3,31.7,0.00025729161401203055,0.0,0.93,10.853053069719042,0.8,31.7,85.1925907590759,20.87,98.11,12.910629032258065,2.9,31.4,0.005732258064516129,0.0,0.91,19.373456473707467,2.4,31.7,0.0001921343349536014,0.0,0.92,2.2840000000000003,0.8,5.0,87.43115942028986,65.85,95.48,12.241780821917809,1.3,31.7,0.013087671232876711,0.0,0.99,15.523703509101145,0.8,31.7,79.06690467937608,10.2,98.44,14.255952677459526,2.7,31.7,9.815220539009399,14.523022831050227,2.4,31.7,9.838267406697625,0.0023088418430884184,0.89,0.002599086757990867,0.92,4.920909090909091,2.9,9.5,1.3538561394332087,4.7,2.9,9.0,1.2617184049277133,0.040999999999999995,0.89,0.1114,0.91
12,MEL5_IMP1,1,2,0.8,0.72,0.69,0.68,0.75,0.79,0.58,0.71,0.77,0.57,0.02,0.93,0.65,81.58131407269339,15.979654045797517,12.218919949347095,0.8,31.7,80.20918424753867,22.12,97.57,12.629368527556244,1.4,31.7,0.002637067015831448,0.0,1.0,13.863966789667899,2.5,31.4,0.004162361623616236,0.0,0.89,19.77066825051812,2.4,31.7,0.00025729161401203055,0.0,0.93,10.99606763787721,0.8,31.7,84.78929042904291,21.28,97.88,12.98408064516129,3.0,31.5,0.005732258064516129,0.0,0.91,19.259122845779935,2.5,31.7,0.0001921343349536014,0.0,0.92,2.351,0.8,5.2,86.77985507246377,64.49,95.35,12.037520547945206,1.3,31.7,0.013087671232876711,0.0,0.99,15.12463126290111,0.8,31.7,79.77608665511265,10.86,98.33,14.131917808219178,3.1,31.7,9.477144621144143,14.506712328767124,2.5,31.7,9.537033687979042,0.0023088418430884184,0.89,0.002599086757990867,0.92,5.139545454545455,3.1,9.1,1.3303211412448406,4.938666666666667,3.0,9.6,1.3177145197483238,0.040999999999999995,0.89,0.1114,0.91
13,MEL5_IMP1,1,3,0.8,0.71,0.68,0.68,0.75,0.79,0.58,0.72,0.77,0.57,0.02,0.93,0.64,81.4527692717348,16.17746231683619,12.243697662068874,0.8,31.7,80.27957805907174,17.18,97.58,12.548248422806807,1.4,31.7,0.002637067015831448,0.0,1.0,13.868173431734316,2.5,31.6,0.004162361623616236,0.0,0.89,20.05767932062882,2.4,31.7,0.00025729161401203055,0.0,0.93,10.879009365244537,0.8,31.7,85.15074669966997,20.9,97.98,12.945451612903227,3.0,31.4,0.005732258064516129,0.0,0.91,19.553133451171014,2.5,31.7,0.0001921343349536014,0.0,0.92,2.345,0.8,5.0,87.20521739130436,64.75,95.41,12.498794520547944,1.3,31.7,0.013087671232876711,0.0,0.99,15.705449427659971,0.8,31.7,79.07550779896013,10.44,98.39,14.52362391033624,3.0,31.7,9.717433131646498,14.899278538812785,2.5,31.7,9.782123590777577,0.0023088418430884184,0.89,0.002599086757990867,0.92,5.12909090909091,3.1,9.2,1.2939611807121891,4.885666666666666,3.0,9.5,1.3096670908627464,0.040999999999999995,0.89,0.1114,0.91
14,MEL5_IMP1,1,4,0.79,0.72,0.69,0.68,0.75,0.79,0.59,0.72,0.77,0.58,0.02,0.93,0.65,81.52085341499135,16.046997601582607,12.145485491755284,0.8,31.7,80.25299109235819,17.16,97.53,12.498800142840137,1.4,31.7,0.002637067015831448,0.0,1.0,13.814538745387456,2.5,31.6,0.004162361623616236,0.0,0.89,19.899342364656523,2.4,31.7,0.00025729161401203055,0.0,0.93,10.879480749219562,0.8,31.7,85.04355610561056,20.75,97.98,12.918516129032257,3.0,31.4,0.005732258064516129,0.0,0.91,19.398687582854613,2.5,31.7,0.0001921343349536014,0.0,0.92,2.356,0.8,5.2,86.7982608695652,63.94,95.46,12.295712328767124,1.3,31.7,0.013087671232876711,0.0,0.99,15.438633139425782,0.8,31.7,79.37221490467938,10.49,98.35,14.313026151930263,3.0,31.7,9.597272582833313,14.746602739726026,2.5,31.7,9.64694528329073,0.0023088418430884184,0.89,0.002599086757990867,0.92,5.077272727272727,3.0,9.0,1.303014622879581,4.896999999999999,3.0,9.5,1.3257793934135498,0.040999999999999995,0.89,0.1114,0.91
15,MEL5_IMP2,1,0,0.81,0.72,0.69,0.68,0.75,0.82,0.61,0.71,0.79,0.6,0.02,0.93,0.66,81.56640936917753,16.0181509427356,12.518387549189145,0.8,31.7,80.06652133145805,17.4,97.62,12.861186168313294,1.4,31.7,0.002639923818593025,0.0,1.0,13.396236162361623,2.2,31.6,0.003933579335793358,0.0,0.9,19.63328716574837,2.1,31.7,0.000251933478238892,0.0,0.93,11.175806451612903,0.8,31.7,84.76460396039604,21.9,97.84,12.433870967741937,2.5,31.4,0.005761290322580645,0.0,0.94,19.157634114007955,2.2,31.7,0.00018842244807777288,0.0,0.95,2.196,0.8,5.0,89.27569444444445,72.47,96.05,11.965780821917807,1.4,31.7,0.013273972602739726,0.0,0.99,15.226700694314133,0.8,31.7,79.79579202772965,10.69,98.51,13.560572851805727,2.5,31.7,9.770787383713948,14.612904109589042,2.2,31.7,9.69303335310533,0.0024806973848069736,0.93,0.0024694063926940634,0.95,4.470454545454546,2.6,9.1,1.241659363596398,4.695333333333333,2.5,10.4,1.4465516083277346,0.03827272727272727,0.9,0.11213333333333333,0.94
16,MEL5_IMP2,1,1,0.81,0.72,0.7,0.68,0.75,0.82,0.61,0.71,0.79,0.61,0.02,0.93,0.67,81.78353606601011,15.838407831620595,12.440834138968695,0.8,31.7,80.10709329582747,22.7,97.67,12.840221402214022,1.5,31.7,0.002639923818593025,0.0,1.0,13.347380073800737,2.2,31.3,0.003933579335793358,0.0,0.9,19.395476419147748,2.2,31.7,0.000251933478238892,0.0,0.93,11.180915712799168,0.8,31.7,84.6984199669967,22.5,97.78,12.377870967741934,2.6,31.4,0.005761290322580645,0.0,0.94,18.90501060539107,2.2,31.7,0.00018842244807777288,0.0,0.95,2.205,0.8,5.0,89.08583333333334,72.03,96.03,11.706205479452056,1.4,31.7,0.013273972602739726,0.0,0.99,14.860209420153875,0.8,31.7,80.39164991334489,11.18,98.46,13.269003735990038,2.5,31.7,9.674674511468089,14.318447488584475,2.2,31.7,9.604985166852769,0.0024806973848069736,0.93,0.0024694063926940634,0.95,4.467727272727273,2.6,9.0,1.2463052005398043,4.707666666666667,2.6,10.2,1.4349591941546243,0.03827272727272727,0.9,0.11213333333333333,0.94
17,MEL5_IMP2,1,2,0.81,0.72,0.69,0.68,0.75,0.82,0.61,0.71,0.79,0.6,0.02,0.93,0.65,81.65195634815012,16.01988082316486,12.437144102068327,0.8,31.7,80.2215752461322,17.62,97.61,12.74457683609094,1.4,31.7,0.002639923818593025,0.0,1.0,13.34531365313653,2.2,31.6,0.003933579335793358,0.0,0.9,19.65568922812516,2.1,31.7,0.000251933478238892,0.0,0.93,11.056591050988555,0.8,31.7,85.03763201320132,22.27,97.89,12.393645161290323,2.6,31.4,0.005761290322580645,0.0,0.94,19.19499646486964,2.2,31.7,0.00018842244807777288,0.0,0.95,2.208,0.8,5.1,89.29444444444445,72.96,95.96,12.113438356164384,1.4,31.7,0.013273972602739726,0.0,0.99,15.415526365171702,0.8,31.7,79.67409358752167,10.55,98.49,13.693424657534248,2.5,31.7,9.919439339735117,14.743525114155249,2.2,31.7,9.82586669202108,0.0024806973848069736,0.93,0.0024694063926940634,0.95,4.502727272727273,2.6,9.0,1.242794438565335,4.705666666666667,2.6,10.5,1.4236811050543898,0.03827272727272727,0.9,0.11213333333333333,0.94
18,MEL5_IMP2,1,3,0.81,0.71,0.69,0.67,0.74,0.81,0.6,0.71,0.78,0.58,0.02,0.93,0.65,81.63489752462071,16.064755081318605,12.479380727386609,0.8,31.7,80.3038068448195,21.87,97.64,12.802045589810735,1.4,31.7,0.002639923818593025,0.0,1.0,13.618763837638376,2.2,31.3,0.003933579335793358,0.0,0.9,19.726166405499672,2.2,31.7,0.000251933478238892,0.0,0.93,11.093323621227887,0.8,31.7,84.9757095709571,22.26,98.01,12.706790322580646,2.6,31.4,0.005761290322580645,0.0,0.94,19.287255855059655,2.2,31.7,0.00018842244807777288,0.0,0.95,2.214,0.8,5.1,89.01124999999999,72.42,95.87,12.006479452054794,1.4,31.7,0.013273972602739726,0.0,0.99,15.319900168887221,0.8,31.7,79.62796187175043,10.48,98.49,13.68521793275218,2.6,31.7,9.829237876430666,14.654100456621004,2.2,31.7,9.750047750214405,0.0024806973848069736,0.93,0.0024694063926940634,0.95,4.598181818181819,2.7,9.0,1.2737547800379088,4.816,2.6,10.5,1.4543305447295443,0.03827272727272727,0.9,0.11213333333333333,0.94
19,MEL5_IMP2,1,4,0.81,0.72,0.7,0.68,0.75,0.82,0.61,0.72,0.79,0.61,0.02,0.93,0.66,81.73101676869844,15.905180231438527,12.335702128238994,0.8,31.7,80.20480543834974,18.15,97.63,12.694196524223306,1.4,31.7,0.002639923818593025,0.0,1.0,13.289077490774908,2.1,31.6,0.003933579335793358,0.0,0.9,19.534977000454937,2.1,31.7,0.000251933478238892,0.0,0.93,11.061498439125911,0.8,31.7,84.85672442244226,22.21,97.86,12.330548387096774,2.5,31.4,0.005761290322580645,0.0,0.94,19.068176314626598,2.2,31.7,0.00018842244807777288,0.0,0.95,2.2150000000000003,0.8,5.1,89.14319444444443,72.22,95.98,11.92782191780822,1.3,31.7,0.013273972602739726,0.0,0.99,15.154648151623194,0.8,31.7,80.04818024263432,10.98,98.48,13.48150684931507,2.5,31.7,9.753232907622309,14.535397260273973,2.2,31.7,9.673593959502632,0.0024806973848069736,0.93,0.0024694063926940634,0.95,4.416363636363636,2.6,9.1,1.2436038007432837,4.672666666666667,2.5,10.3,1.4448481658022831,0.03827272727272727,0.9,0.11213333333333333,0.94
20,MEL5_MUC-16TSS,1,0,0.81,0.72,0.69,0.68,0.75,0.75,0.57,0.72,0.76,0.57,0.02,0.86,0.66,81.15641506922258,15.91347118397787,12.297121498890265,0.8,31.7,79.59522737927801,19.99,97.15,12.516838471610521,1.4,31.7,0.002603142483037733,0.0,1.0,14.667269372693728,3.5,31.6,0.004132841328413284,0.0,0.84,19.76723247232472,3.1,31.7,0.00025051812161957235,0.0,0.91,10.763023933402707,0.8,31.7,84.77588283828382,24.91,97.6,13.66266129032258,3.4,31.4,0.005535483870967742,0.0,0.86,19.072456915598764,2.4,31.7,0.0002012372956252762,0.0,0.93,3.3829999999999996,0.8,7.1,80.59485714285715,53.62,91.68,13.493753424657534,1.7,31.7,0.012854794520547946,0.0,0.96,15.114874085194222,0.8,31.7,79.28318544194109,10.69,97.95,14.043648816936487,3.1,31.7,9.440043685981191,14.151278538812786,2.4,31.7,9.543972049148486,0.0024557907845579076,0.89,0.0027269406392694067,0.93,6.052727272727273,3.8,11.5,1.5735142539672198,5.623,3.4,13.4,1.6466443655709833,0.043454545454545454,0.84,0.10973333333333334,0.86
21,MEL5_MUC-16TSS,1,1,0.79,0.71,0.68,0.68,0.75,0.71,0.55,0.72,0.71,0.56,0.02,0.84,0.65,80.92632987220446,16.063645813273578,12.202607535300444,0.8,31.7,79.46565400843883,20.44,97.03,12.478653136531367,1.4,31.7,0.002603142483037733,0.0,1.0,15.771974169741696,4.0,31.6,0.004132841328413284,0.0,0.84,20.014655512308547,3.5,31.7,0.00025051812161957235,0.0,0.91,10.778628511966701,0.8,31.7,84.5701196369637,25.09,97.6,14.831693548387097,4.1,31.4,0.005535483870967742,0.0,0.86,19.36629827662395,2.6,31.7,0.0002012372956252762,0.0,0.93,4.008,0.8,9.6,76.62042857142856,45.34,90.11,14.25354794520548,1.8,31.7,0.012854794520547946,0.0,0.96,15.226106961906549,0.8,31.7,79.04920277296361,10.73,97.8,14.411195516811954,3.5,31.7,9.20427944436946,14.683159817351596,2.6,31.7,9.281227159996838,0.0024557907845579076,0.89,0.0027269406392694067,0.93,7.188181818181818,4.5,14.9,1.9928386249578682,6.923,4.1,16.7,2.2220345781887976,0.043454545454545454,0.84,0.10973333333333334,0.86
22,MEL5_MUC-16TSS,1,2,0.79,0.7,0.67,0.67,0.74,0.7,0.53,0.71,0.7,0.53,0.02,0.84,0.65,80.76073349307774,16.25808470177343,12.310932585340614,0.8,31.7,79.55587435536802,25.0,97.08,12.618456731341507,1.4,31.7,0.002603142483037733,0.0,1.0,15.941549815498155,4.1,31.3,0.004132841328413284,0.0,0.84,20.23863064247081,3.3,31.7,0.00025051812161957235,0.0,0.91,10.89269614984391,0.8,31.7,84.43902640264027,25.46,97.68,15.077387096774194,4.1,31.4,0.005535483870967742,0.0,0.86,19.69438223596995,3.0,31.7,0.0002012372956252762,0.0,0.93,3.956000000000001,0.8,8.6,76.64342857142856,47.06,89.83,14.276602739726027,1.8,31.7,0.012854794520547946,0.0,0.96,15.332225182961153,0.8,31.7,78.66090467937609,10.48,97.82,14.728692403486924,3.3,31.7,9.27626055432686,14.91916894977169,3.0,31.7,9.346386826288317,0.0024557907845579076,0.89,0.0027269406392694067,0.93,7.203636363636363,4.6,14.1,1.9339750526137174,6.865666666666668,4.1,16.5,2.015635852253301,0.043454545454545454,0.84,0.10973333333333334,0.86
23,MEL5_MUC-16TSS,1,3,0.79,0.7,0.67,0.67,0.74,0.67,0.53,0.71,0.67,0.53,0.02,0.82,0.66,80.72712060702877,16.221297114896448,12.342182159828978,0.8,31.7,79.09927332395687,24.96,96.83,12.691979526246875,1.4,31.7,0.002603142483037733,0.0,1.0,16.506494464944648,4.5,31.3,0.004132841328413284,0.0,0.84,20.251527574179853,3.6,31.7,0.00025051812161957235,0.0,0.91,10.974351716961499,0.8,31.7,84.05362623762376,25.06,97.46,15.587854838709676,4.5,31.5,0.005535483870967742,0.0,0.86,19.609567830313743,2.9,31.7,0.0002012372956252762,0.0,0.93,4.334,0.8,10.0,74.04885714285716,42.83,88.89,14.510863013698629,1.9,31.7,0.012854794520547946,0.0,0.96,14.976063801838997,0.8,31.7,79.29773656845754,11.24,97.69,14.70927770859278,3.6,31.7,8.924228281049999,14.969936073059362,2.9,31.7,9.01615396016263,0.0024557907845579076,0.89,0.0027269406392694067,0.93,7.904545454545454,4.9,16.2,2.224017101129329,7.667000000000002,4.5,18.3,2.4615058399280714,0.043454545454545454,0.84,0.10973333333333334,0.86
24,MEL5_MUC-16TSS,1,4,0.78,0.69,0.66,0.68,0.75,0.66,0.52,0.72,0.66,0.53,0.02,0.81,0.64,80.59356629392971,16.43282374258154,12.334363638839342,0.8,31.7,79.30423816221284,20.56,96.93,12.591699797643141,1.4,31.7,0.002603142483037733,0.0,1.0,16.813228782287823,4.7,31.6,0.004132841328413284,0.0,0.84,20.5718460294192,3.7,31.7,0.00025051812161957235,0.0,0.91,10.844863683662853,0.8,31.7,84.39435231023101,24.7,97.6,15.872225806451613,4.6,31.4,0.005535483870967742,0.0,0.86,19.969173663278834,3.3,31.7,0.0002012372956252762,0.0,0.93,4.474,0.8,10.5,73.27485714285713,42.39,88.43,15.012684931506849,1.9,31.7,0.012854794520547946,0.0,0.96,15.511537624319757,0.8,31.7,78.53094627383017,10.6,97.67,15.169800747198007,3.7,31.7,9.089356513433355,15.560968036529681,3.3,31.7,9.164359083922326,0.0024557907845579076,0.89,0.0027269406392694067,0.93,8.216363636363637,5.2,16.8,2.352581841788729,7.939333333333334,4.6,19.2,2.5973421457756047,0.043454545454545454,0.84,0.10973333333333334,0.86
25,MEL8_Melan A,1,0,0.83,0.73,0.71,0.68,0.75,0.86,0.64,0.74,0.82,0.65,0.03,0.95,0.67,81.59077629826898,15.432518688398314,12.239730452216527,0.8,31.7,79.47274574669187,15.22,97.82,12.409460087740214,1.3,31.7,0.002614682180153545,0.0,1.0,12.25358208955224,1.7,31.5,0.002291044776119403,0.0,0.95,18.864866591699037,1.5,31.7,0.000178695563279493,0.0,0.97,10.640284171523644,0.8,31.7,85.65540319279575,20.72,98.2,11.267364217252396,1.9,31.6,0.003769968051118211,0.0,0.93,18.288223116985428,1.7,31.7,0.00014311348417873866,0.0,0.96,1.756,0.8,4.4,92.1569696969697,79.23,95.78,11.291671232876713,1.1,31.7,0.013602739726027397,0.0,0.99,15.107400262713455,0.8,31.7,79.46062045060658,9.78,98.6,14.688253424657534,2.6,31.7,9.767790181595137,14.487619863013698,1.7,31.7,10.055550798896823,3.424657534246575e-05,0.05,0.0022962328767123287,0.96,5.196250000000001,2.4,13.7,2.247606713261909,4.428750000000001,1.9,13.5,1.9831442049180386,0.01025,0.44,0.0680625,0.93
26,MEL8_Melan A,1,1,0.83,0.73,0.71,0.69,0.76,0.86,0.65,0.74,0.82,0.66,0.03,0.95,0.66,81.74681491344874,15.465577786628387,12.271967587435956,0.8,31.7,79.57968336483931,15.6,97.84,12.485011444375566,1.4,31.7,0.002614682180153545,0.0,1.0,12.40731343283582,1.8,31.6,0.002291044776119403,0.0,0.95,18.926603966469024,1.6,31.7,0.000178695563279493,0.0,0.97,10.647865141013995,0.8,31.7,85.61235775685633,20.38,98.17,11.40776357827476,2.0,31.6,0.003769968051118211,0.0,0.93,18.325013348505404,1.8,31.7,0.00014311348417873866,0.0,0.96,1.875,0.8,4.8,91.8071212121212,77.76,95.65,11.437356164383562,1.2,31.7,0.013602739726027397,0.0,0.99,15.041480953274535,0.8,31.7,79.83282842287694,9.97,98.57,14.986044520547946,2.7,31.7,9.591200953167716,15.040111301369864,1.8,31.7,10.00963259462568,3.424657534246575e-05,0.05,0.0022962328767123287,0.96,5.6481249999999985,2.7,14.3,2.3939238677065315,5.069062499999999,2.0,16.3,2.583785811768025,0.01025,0.44,0.0680625,0.93
27,MEL8_Melan A,1,2,0.82,0.73,0.71,0.68,0.75,0.86,0.64,0.74,0.82,0.66,0.03,0.95,0.66,81.3263568575233,15.597897336356157,12.421155881042548,0.8,31.7,79.15267958412099,15.12,97.74,12.615321753850555,1.4,31.7,0.002614682180153545,0.0,1.0,12.50132462686567,1.8,31.6,0.002291044776119403,0.0,0.95,19.053802392148846,1.6,31.7,0.000178695563279493,0.0,0.97,10.749019587828805,0.8,31.6,85.29000409332788,20.42,98.06,11.479520766773163,2.0,31.6,0.003769968051118211,0.0,0.93,18.44797234014618,1.8,31.7,0.00014311348417873866,0.0,0.96,1.875,0.8,4.8,91.42924242424242,77.37,95.39,11.536369863013697,1.2,31.7,0.013602739726027397,0.0,0.99,15.220039782323136,0.8,31.7,79.33312305025997,9.93,98.53,15.085547945205478,2.7,31.7,9.638299566592256,15.230890410958903,1.8,31.7,10.051841286464098,3.424657534246575e-05,0.05,0.0022962328767123287,0.96,5.626250000000001,2.7,14.5,2.3710621960421028,5.13,2.0,17.0,2.6833002068348595,0.01025,0.44,0.0680625,0.93
28,MEL8_Melan A,1,3,0.82,0.73,0.71,0.68,0.75,0.86,0.64,0.73,0.81,0.64,0.03,0.95,0.67,81.49890013315579,15.508534623868629,12.346388393851637,0.8,31.7,79.1891020793951,18.5,97.74,12.59128200848791,1.4,31.7,0.002614682180153545,0.0,1.0,12.581305970149252,1.8,31.4,0.002291044776119403,0.0,0.95,18.984571662236764,1.6,31.7,0.000178695563279493,0.0,0.97,10.7407036919842,0.8,31.7,85.25735571019237,20.54,98.07,11.562827476038338,2.0,31.6,0.003769968051118211,0.0,0.93,18.363666681255197,1.8,31.7,0.00014311348417873866,0.0,0.96,1.848,0.8,4.7,91.30878787878788,77.66,95.27,11.282068493150685,1.2,31.7,0.013602739726027397,0.0,0.99,14.93677688121599,0.8,31.7,79.78596187175043,10.1,98.5,14.83222602739726,2.7,31.7,9.532767704779928,15.003527397260273,1.8,31.7,9.95517210291035,3.424657534246575e-05,0.05,0.0022962328767123287,0.96,5.561875,2.6,13.8,2.2253334546478647,5.1190625,2.0,16.6,2.6094382290243527,0.01025,0.44,0.0680625,0.93
29,MEL8_Melan A,1,4,0.82,0.72,0.7,0.68,0.75,0.86,0.64,0.74,0.82,0.64,0.03,0.95,0.66,81.21609986684422,15.726947510547785,12.442910447761193,0.8,31.7,79.03924858223061,15.08,97.71,12.594200920318535,1.4,31.7,0.002614682180153545,0.0,1.0,12.4730223880597,1.7,31.6,0.002291044776119403,0.0,0.95,19.282658454303824,1.6,31.7,0.000178695563279493,0.0,0.97,10.701291224775183,0.8,31.7,85.43331968890709,20.56,98.15,11.409712460063897,1.9,31.6,0.003769968051118211,0.0,0.93,18.687976716705325,1.7,31.7,0.00014311348417873866,0.0,0.96,1.7980000000000005,0.8,4.6,91.93045454545454,78.52,95.74,11.594794520547945,1.2,31.7,0.013602739726027397,0.0,0.99,15.408880465378122,0.8,31.7,78.99648180242633,9.63,98.58,15.047448630136987,2.6,31.7,9.722080344773842,14.901686643835617,1.7,31.7,10.03829361818141,3.424657534246575e-05,0.05,0.0022962328767123287,0.96,5.306875,2.5,14.1,2.206272928351114,4.548125,1.9,13.0,2.0038859709012886,0.01025,0.44,0.0680625,0.93
30,MEL8_IMP1,1,0,0.82,0.73,0.71,0.69,0.76,0.86,0.64,0.74,0.8,0.63,0.02,0.94,0.66,80.78415546386265,15.5315113968593,12.304104477611938,0.8,31.7,78.34735349716446,15.61,97.57,12.468563730866435,1.4,31.7,0.0026206427924276385,0.0,1.0,12.91652985074627,1.7,31.6,0.003115671641791045,0.0,0.94,19.07498159885504,1.6,31.7,0.00017521979145369046,0.0,0.98,10.636968837081119,0.8,31.6,84.74723291035612,20.35,97.98,11.903274760383386,2.6,31.6,0.003897763578274761,0.0,0.82,18.384241323471485,2.6,31.7,0.00016026959604359056,0.0,0.86,2.1660000000000004,0.8,5.0,90.08130434782609,81.29,95.52,11.866780821917807,1.2,31.7,0.013145205479452056,0.0,1.0,15.118200788140365,0.8,31.7,78.99315771230503,9.52,98.29,14.772448630136987,2.6,31.7,9.700964478464481,14.94439212328767,2.6,31.7,9.814088509777472,0.0001232876712328767,0.25,0.0024845890410958903,0.86,5.493125,2.6,14.5,2.1606747173915375,5.149062499999999,2.6,12.6,1.849729472407722,0.014375000000000002,0.87,0.07225000000000001,0.82
31,MEL8_IMP1,1,1,0.82,0.73,0.7,0.69,0.76,0.86,0.64,0.74,0.8,0.63,0.02,0.94,0.65,80.8926979901504,15.643900995255686,12.053994486522612,0.8,31.7,79.0831663516068,15.81,97.58,12.311778169853607,1.4,31.7,0.0026206427924276385,0.0,1.0,12.81016791044776,1.8,31.6,0.003115671641791045,0.0,0.94,19.240923124105503,1.6,31.7,0.00017521979145369046,0.0,0.98,10.578099194643203,0.8,31.7,84.98468276708965,20.05,98.04,11.961325878594248,2.7,31.6,0.003897763578274761,0.0,0.82,18.717105343778723,2.7,31.7,0.00016026959604359056,0.0,0.86,2.196,0.8,5.1,89.66913043478262,81.14,95.54,12.171383561643834,1.2,31.7,0.013145205479452056,0.0,1.0,15.435040720585475,0.8,31.7,78.54492547660311,9.3,98.34,14.964691780821918,2.6,31.7,9.709357506687669,15.53964897260274,2.7,31.7,9.80284392513802,0.0001232876712328767,0.25,0.0024845890410958903,0.86,5.47625,2.6,13.5,2.017810927094013,5.4528125,2.7,15.1,2.0122728666470038,0.014375000000000002,0.87,0.07225000000000001,0.82
32,MEL8_IMP1,1,2,0.82,0.73,0.7,0.69,0.76,0.86,0.64,0.74,0.8,0.63,0.02,0.94,0.65,80.77392918940504,15.68874778977959,12.127446257518377,0.8,31.7,78.9158979206049,15.6,97.57,12.342865147107911,1.4,31.7,0.0026206427924276385,0.0,1.0,12.876343283582091,1.8,31.6,0.003115671641791045,0.0,0.94,19.29188151707217,1.6,31.7,0.00017521979145369046,0.0,0.98,10.587796139595179,0.8,31.6,84.94129758493655,20.18,98.04,11.99100638977636,2.7,31.6,0.003897763578274761,0.0,0.82,18.743098603877634,2.7,31.7,0.00016026959604359056,0.0,0.86,2.2090000000000005,0.8,5.0,89.53304347826088,80.89,95.42,12.233712328767123,1.2,31.7,0.013145205479452056,0.0,1.0,15.529922311878401,0.8,31.7,78.39830849220104,9.24,98.32,15.193801369863012,2.7,31.7,9.725217147359015,15.54451198630137,2.7,31.7,9.813820054381873,0.0001232876712328767,0.25,0.0024845890410958903,0.86,5.6425,2.7,14.5,2.187051382569692,5.4503125,2.7,15.1,2.0075637978265473,0.014375000000000002,0.87,0.07225000000000001,0.82
33,MEL8_IMP1,1,3,0.82,0.73,0.7,0.69,0.76,0.86,0.64,0.74,0.81,0.64,0.02,0.94,0.64,80.68111806202582,15.72260574044572,12.226006627311204,0.8,31.7,78.78116257088847,15.27,97.63,12.391228959038672,1.3,31.7,0.0026206427924276385,0.0,1.0,12.75061567164179,1.7,31.6,0.003115671641791045,0.0,0.94,19.33153547331834,1.6,31.7,0.00017521979145369046,0.0,0.98,10.583843868978963,0.8,31.7,85.14711011051985,20.35,98.14,11.728067092651758,2.5,31.6,0.003897763578274761,0.0,0.82,18.684957328548297,2.5,31.7,0.00016026959604359056,0.0,0.86,2.128,0.8,4.9,90.41217391304347,81.54,95.69,12.228753424657535,1.2,31.7,0.013145205479452056,0.0,1.0,15.710288609495215,0.8,31.7,78.06012824956673,9.27,98.36,15.110445205479452,2.5,31.7,9.837789375758769,15.245436643835617,2.5,31.7,9.9501902334895,0.0001232876712328767,0.25,0.0024845890410958903,0.86,5.4225,2.5,15.3,2.2316739793258336,5.0015625,2.5,12.5,1.78900218238932,0.014375000000000002,0.87,0.07225000000000001,0.82
34,MEL8_IMP1,1,4,0.81,0.72,0.7,0.68,0.75,0.85,0.62,0.73,0.8,0.62,0.02,0.94,0.65,80.778393451351,15.749205305404317,12.142683504121186,0.8,31.7,78.95891304347826,19.52,97.56,12.415439177912356,1.4,31.7,0.0026206427924276385,0.0,1.0,13.082761194029851,1.8,31.3,0.003115671641791045,0.0,0.94,19.388068390922104,1.6,31.7,0.00017521979145369046,0.0,0.98,10.703365350263857,0.8,31.7,84.98749488334016,20.57,98.05,12.23426517571885,2.7,31.6,0.003897763578274761,0.0,0.82,18.83859337388945,2.7,31.7,0.00016026959604359056,0.0,0.86,2.2150000000000003,0.8,5.0,89.51739130434783,80.47,95.36,12.123520547945205,1.2,31.7,0.013145205479452056,0.0,1.0,15.441343591668234,0.8,31.7,78.33963951473136,9.34,98.29,15.214160958904111,2.7,31.7,9.65075143366392,15.430984589041095,2.7,31.7,9.739401495797257,0.0001232876712328767,0.25,0.0024845890410958903,0.86,5.7325,2.7,14.9,2.2543998647090095,5.43,2.7,14.7,1.9549072868041593,0.014375000000000002,0.87,0.07225000000000001,0.82
35,MEL5_BST2-9,1,0,0.78,0.7,0.66,0.68,0.74,0.72,0.53,0.71,0.69,0.52,0.02,0.93,0.65,80.72968425259792,16.49487546942244,12.278646804918234,0.8,31.7,79.84797937177683,16.87,97.58,12.657677657421733,1.4,31.7,0.0026576598024044755,0.0,1.0,15.355576055760558,2.8,31.6,0.0037556375563755637,0.0,0.83,20.51294697467523,3.0,31.7,0.0002538543193651115,0.0,0.87,11.039407908428721,0.8,31.7,84.26284653465348,21.11,97.76,14.583691756272401,4.1,31.4,0.0045913978494623656,0.0,0.85,20.21894874060981,3.8,31.7,0.0001824127264692886,0.0,0.76,2.4246913580246914,0.8,5.2,83.5909375,55.5,94.94,12.56634703196347,1.2,31.7,0.011844748858447487,0.0,1.0,15.625366109964345,0.8,31.7,78.34950086655113,10.79,98.29,15.468891656288916,3.9,31.7,9.162148765679966,16.49881278538813,3.8,31.7,9.221868215553831,0.0021469489414694897,0.87,0.00223013698630137,0.7,6.677777777777779,4.1,12.7,1.768955381725745,6.895185185185185,4.1,16.5,2.042333216129642,0.04646464646464646,0.83,0.084,0.85
36,MEL5_BST2-9,1,1,0.78,0.7,0.66,0.68,0.75,0.73,0.54,0.71,0.7,0.52,0.02,0.93,0.65,80.94944444444445,16.465843370521643,12.236630764831634,0.8,31.7,79.89864041256446,17.27,97.66,12.636200452327104,1.4,31.7,0.0026576598024044755,0.0,1.0,15.214432144321442,2.9,31.6,0.0037556375563755637,0.0,0.83,20.5297730374564,3.0,31.7,0.0002538543193651115,0.0,0.87,11.044499479708639,0.8,31.7,84.26435643564358,21.34,97.82,14.424856630824374,4.0,31.4,0.0045913978494623656,0.0,0.85,20.213387096774195,3.7,31.7,0.0001824127264692886,0.0,0.76,2.3703703703703702,0.8,5.2,84.1003125,56.18,95.12,12.470867579908674,1.3,31.7,0.011844748858447487,0.0,1.0,15.474218802777258,0.8,31.7,78.87123396880416,10.96,98.37,15.512067247820672,4.0,31.7,9.037047594533503,16.517269406392693,3.7,31.7,9.116603671225182,0.0021469489414694897,0.87,0.00223013698630137,0.7,6.609090909090909,4.0,12.7,1.7843081962515008,6.8566666666666665,4.0,16.6,2.0741647136279364,0.04646464646464646,0.83,0.084,0.85
37,MEL5_BST2-9,1,2,0.78,0.69,0.66,0.67,0.74,0.73,0.52,0.71,0.69,0.51,0.02,0.93,0.65,80.78319477751131,16.54553493599408,12.36778774798818,0.8,31.7,79.67710736052508,21.99,97.56,12.803686465896917,1.4,31.7,0.0026576598024044755,0.0,1.0,15.471422714227142,3.0,31.3,0.0037556375563755637,0.0,0.83,20.619220037405853,3.0,31.7,0.0002538543193651115,0.0,0.87,11.18834755463059,0.8,31.7,83.98889438943895,21.69,97.69,14.669318996415772,4.1,31.5,0.0045913978494623656,0.0,0.85,20.27982501104728,3.8,31.7,0.0001824127264692886,0.0,0.76,2.3740740740740742,0.8,5.1,83.61812499999999,55.73,94.43,12.392922374429224,1.3,31.7,0.011844748858447487,0.0,1.0,15.370991180334022,0.8,31.7,78.84462738301559,11.5,98.26,15.48480697384807,4.2,31.7,8.934019987223321,16.473041095890412,3.8,31.7,9.059641256777637,0.0021469489414694897,0.87,0.00223013698630137,0.7,6.743939393939394,4.2,12.9,1.7253717609543235,6.97851851851852,4.1,17.1,2.1093226992703284,0.04646464646464646,0.83,0.084,0.85
38,MEL5_BST2-9,1,3,0.77,0.69,0.65,0.67,0.74,0.71,0.5,0.7,0.67,0.48,0.02,0.92,0.64,80.61983213429257,16.697069049642277,12.394832586702249,0.8,31.7,79.59493670886076,16.71,97.51,12.795732650874896,1.4,31.7,0.0026576598024044755,0.0,1.0,15.829827798277982,3.1,31.6,0.0037556375563755637,0.0,0.83,20.88959207400293,3.2,31.7,0.0002538543193651115,0.0,0.87,11.178997918834547,0.8,31.7,83.86881600660067,21.13,97.78,14.988727598566307,4.4,31.5,0.0045913978494623656,0.0,0.85,20.575590366769774,4.1,31.7,0.0001824127264692886,0.0,0.76,2.493827160493827,0.8,5.1,82.4065625,53.18,94.42,12.60322678843227,1.3,31.7,0.011844748858447487,0.0,1.0,15.469397635578908,0.8,31.7,78.60812131715772,10.94,98.29,15.70464508094645,4.4,31.7,8.860881446969337,16.935278538812785,4.1,31.7,9.054377895673854,0.0021469489414694897,0.87,0.00223013698630137,0.7,6.950000000000002,4.3,12.9,1.7560501476928618,7.405555555555556,4.4,17.9,2.3151047225866934,0.04646464646464646,0.83,0.084,0.85
39,MEL5_BST2-9,1,4,0.75,0.68,0.64,0.67,0.74,0.67,0.48,0.71,0.61,0.43,0.02,0.92,0.64,80.58735145217159,16.900132013925056,12.205996650372406,0.8,31.6,79.71252226910454,20.84,97.58,12.648851327222948,1.4,31.7,0.0026576598024044755,0.0,1.0,16.330176301763018,3.0,31.1,0.0037556375563755637,0.0,0.83,21.319830662690187,3.0,31.7,0.0002538543193651115,0.0,0.87,11.06910509885536,0.8,31.7,83.84093646864686,21.47,97.88,15.830035842293906,4.7,31.5,0.0045913978494623656,0.0,0.85,21.18836500220945,4.3,31.7,0.0001824127264692886,0.0,0.76,2.393827160493827,0.8,5.5,81.3859375,52.32,93.56,12.539482496194823,1.3,31.7,0.011844748858447487,0.0,1.0,15.498019891161567,0.8,31.7,78.4827452339688,11.28,98.27,15.95865504358655,4.1,31.7,8.781701891086895,17.57246575342466,4.3,31.7,8.745326780366902,0.0021469489414694897,0.87,0.00223013698630137,0.7,7.17020202020202,4.5,13.9,1.8240732971926519,8.189259259259257,4.7,17.4,2.509492240106553,0.04646464646464646,0.83,0.084,0.85
40,MEL5_DSE,1,0,0.83,0.73,0.7,0.68,0.75,0.81,0.62,0.71,0.8,0.63,0.02,0.9,0.65,80.89498205980067,15.915731079637961,12.476092373469857,0.8,31.7,79.49580872011252,17.04,97.54,12.787587192000952,1.4,31.7,0.0026739673848351383,0.0,1.0,13.664261992619927,1.9,31.6,0.004236162361623616,0.0,0.95,19.333777485720063,1.7,31.7,0.0002878228782287823,0.0,0.98,11.143347554630592,0.8,31.7,84.39094884488449,22.29,97.88,12.74209677419355,2.7,31.4,0.005145161290322581,0.0,0.91,18.85108882015024,2.5,31.7,0.00012903225806451613,0.0,0.9,2.9130000000000003,0.8,6.1,84.53638554216867,63.62,95.67,13.009315068493152,1.4,31.7,0.012073972602739727,0.0,1.0,15.546133233252018,0.8,31.7,78.88734835355287,11.08,98.12,13.107646326276463,1.7,31.7,10.185947334578668,14.221205479452056,2.5,31.7,9.996244482419323,0.0023611457036114567,0.98,0.002009132420091324,0.9,4.400454545454546,1.9,9.0,1.478036096473743,4.742999999999999,2.7,10.0,1.3633724118278665,0.041545454545454545,0.93,0.10153333333333334,0.91
41,MEL5_DSE,1,1,0.83,0.73,0.71,0.68,0.75,0.81,0.62,0.71,0.8,0.63,0.02,0.9,0.65,81.08272292358804,15.798399997373995,12.318740213232388,0.8,31.6,79.96270511017347,22.78,97.56,12.667117009879776,1.4,31.7,0.0026739673848351383,0.0,1.0,13.55490774907749,1.9,31.2,0.004236162361623616,0.0,0.95,19.16417429105798,1.6,31.7,0.0002878228782287823,0.0,0.98,11.03139334027055,0.8,31.7,84.62080858085808,22.49,97.96,12.699193548387097,2.6,31.4,0.005145161290322581,0.0,0.91,18.724832081307998,2.5,31.7,0.00012903225806451613,0.0,0.9,2.846000000000001,0.8,5.8,85.06240963855421,64.51,95.9,12.85554794520548,1.4,31.7,0.012073972602739727,0.0,1.0,15.541896791142802,0.8,31.7,78.82357712305026,10.91,98.17,12.960398505603985,1.6,31.7,10.339331900564714,14.049652968036531,2.5,31.7,10.10914308199125,0.0023611457036114567,0.98,0.002009132420091324,0.9,4.289545454545455,1.9,8.8,1.429694745781666,4.656666666666666,2.6,9.6,1.3320618937905584,0.041545454545454545,0.93,0.10153333333333334,0.91
42,MEL5_DSE,1,2,0.82,0.73,0.71,0.68,0.75,0.8,0.62,0.71,0.79,0.63,0.02,0.9,0.66,80.95237740863787,15.784170664028991,12.45497065671764,0.8,31.7,79.35501172058133,22.39,97.49,12.834713129389359,1.4,31.7,0.0026739673848351383,0.0,1.0,13.783265682656827,2.0,31.3,0.004236162361623616,0.0,0.95,19.142812010311886,1.6,31.7,0.0002878228782287823,0.0,0.98,11.20483558792924,0.8,31.7,84.13694306930694,22.33,97.83,12.886870967741935,2.8,31.4,0.005145161290322581,0.0,0.91,18.662988510826338,2.6,31.7,0.00012903225806451613,0.0,0.9,2.952,0.8,6.1,83.90831325301205,62.15,95.45,12.783054794520549,1.4,31.7,0.012073972602739727,0.0,1.0,15.155345468192907,0.8,31.7,79.37263778162911,11.12,98.07,12.797073474470734,1.6,31.7,10.053412654706335,14.076904109589039,2.6,31.7,9.836984953355381,0.0023611457036114567,0.98,0.002009132420091324,0.9,4.4772727272727275,2.0,8.9,1.5066011772987624,4.957,2.8,10.8,1.445032064234793,0.041545454545454545,0.93,0.10153333333333334,0.91
43,MEL5_DSE,1,3,0.82,0.73,0.7,0.68,0.75,0.81,0.62,0.72,0.8,0.63,0.02,0.9,0.64,80.96020730897011,15.908898544318202,12.427814163750494,0.8,31.7,79.60341303328646,17.14,97.54,12.706409951196285,1.4,31.7,0.0026739673848351383,0.0,1.0,13.50090405904059,1.9,31.6,0.004236162361623616,0.0,0.95,19.340479704797048,1.6,31.7,0.0002878228782287823,0.0,0.98,11.044404786680541,0.8,31.7,84.61707508250825,22.52,97.91,12.53591935483871,2.7,31.4,0.005145161290322581,0.0,0.91,18.839516570923553,2.5,31.7,0.00012903225806451613,0.0,0.9,2.8510000000000004,0.8,5.9,85.06397590361446,64.62,95.78,13.038054794520548,1.4,31.7,0.012073972602739727,0.0,1.0,15.724042034152749,0.8,31.7,78.77274870017331,10.91,98.14,13.191407222914073,1.6,31.7,10.348633007219107,14.274493150684933,2.5,31.7,10.144535411526075,0.0023611457036114567,0.98,0.002009132420091324,0.9,4.3159090909090905,1.9,8.7,1.4158426950724725,4.622,2.7,9.4,1.2971440423741176,0.041545454545454545,0.93,0.10153333333333334,0.91
44,MEL5_DSE,1,4,0.82,0.73,0.71,0.69,0.76,0.81,0.62,0.72,0.8,0.64,0.02,0.9,0.65,81.15476810631228,15.718637410059348,12.251788510505031,0.8,31.7,79.6971214252227,17.4,97.57,12.563167480061898,1.4,31.7,0.0026739673848351383,0.0,1.0,13.662047970479705,1.9,31.6,0.004236162361623616,0.0,0.95,19.115202446545013,1.6,31.7,0.0002878228782287823,0.0,0.98,10.96869406867846,0.8,31.7,84.57643976897688,22.51,97.97,12.768161290322581,2.7,31.4,0.005145161290322581,0.0,0.91,18.64006628369421,2.5,31.7,0.00012903225806451613,0.0,0.9,2.992,0.8,6.2,84.13686746987952,62.54,95.53,12.99450684931507,1.4,31.7,0.012073972602739727,0.0,1.0,15.409364608744605,0.8,31.7,79.27175736568458,11.14,98.13,12.914022415940224,1.6,31.7,10.171644719433369,14.148648401826485,2.5,31.7,9.953429986332202,0.0023611457036114567,0.98,0.002009132420091324,0.9,4.426818181818183,1.9,8.8,1.5028333433389212,4.879666666666667,2.7,10.4,1.4393354562281704,0.041545454545454545,0.93,0.10153333333333334,0.91
45,MEL8_BST2-10,1,0,0.81,0.72,0.69,0.69,0.75,0.83,0.61,0.73,0.76,0.59,0.02,0.93,0.65,79.77783528472591,15.887342658566903,12.228532245488973,0.8,31.7,78.29977788279773,15.71,97.32,12.508068880835438,1.4,31.7,0.002611582661771017,0.0,1.0,13.566492537313433,2.0,31.6,0.002738805970149254,0.0,0.92,19.502436618278473,1.8,31.7,0.00019167859333469635,0.0,0.96,10.766654758137777,0.8,31.6,83.55191567744578,20.85,97.44,12.82447284345048,3.3,31.6,0.004418530351437699,0.0,0.76,19.170727821786507,3.1,31.7,0.00013961223685938115,0.0,0.91,2.424,0.8,4.8,84.45055555555557,64.49,94.21,12.331739726027399,1.3,31.7,0.012134246575342466,0.0,1.0,15.383165321823983,0.8,31.7,77.549431542461,10.65,97.74,15.154229452054796,2.8,31.7,9.601297318275645,16.290222602739725,3.1,31.7,9.665089892064165,0.00016780821917808218,0.32,0.002061643835616438,0.91,5.96875,3.1,12.2,1.8822588656983397,6.4584375,3.4,17.9,2.4759324119599366,0.013000000000000001,0.68,0.07949999999999999,0.76
46,MEL8_BST2-10,1,1,0.81,0.72,0.69,0.69,0.75,0.83,0.62,0.73,0.76,0.59,0.02,0.93,0.65,79.9606213411389,15.802275870520475,12.17688655602584,0.8,31.7,78.4550945179584,16.24,97.39,12.48461029516952,1.4,31.7,0.002611582661771017,0.0,1.0,13.422462686567165,2.0,31.6,0.002738805970149254,0.0,0.92,19.39794571662237,1.8,31.7,0.00019167859333469635,0.0,0.96,10.736655472649511,0.8,31.7,83.6095661072452,20.68,97.4,12.700399361022363,3.2,31.6,0.004418530351437699,0.0,0.76,19.062078865595872,3.0,31.7,0.00013961223685938115,0.0,0.91,2.3710000000000004,0.8,4.8,84.7676388888889,65.05,94.39,12.180493150684931,1.3,31.7,0.012134246575342466,0.0,1.0,15.238780258960405,0.8,31.7,77.85497746967071,10.41,97.74,15.094178082191782,2.8,31.7,9.583712657266695,16.16005993150685,3.0,31.7,9.634968410095151,0.00016780821917808218,0.32,0.002061643835616438,0.91,5.94625,3.0,12.1,1.9138602189031466,6.3862499999999995,3.4,18.0,2.45863243236967,0.013000000000000001,0.68,0.07949999999999999,0.76
47,MEL8_BST2-10,1,2,0.81,0.72,0.7,0.68,0.75,0.83,0.61,0.73,0.75,0.58,0.02,0.93,0.66,79.75750266098989,15.821384538961153,12.349019826241925,0.8,31.7,77.9267202268431,19.71,97.32,12.680382432883505,1.4,31.7,0.002611582661771017,0.0,1.0,13.642611940298508,2.0,31.3,0.002738805970149254,0.0,0.92,19.365241259456145,1.7,31.7,0.00019167859333469635,0.0,0.96,10.914281048086641,0.8,31.6,83.2018583708555,20.79,97.36,12.885431309904153,3.2,31.6,0.004418530351437699,0.0,0.76,18.999740032386537,3.0,31.7,0.00013961223685938115,0.0,0.91,2.4130000000000003,0.8,4.8,84.30513888888888,63.49,94.34,12.068438356164382,1.3,31.7,0.012134246575342466,0.0,1.0,15.043413773691126,0.8,31.7,78.07013518197574,11.02,97.65,14.946250000000001,2.8,31.7,9.562737667160208,16.0742551369863,3.0,31.7,9.616043549071772,0.00016780821917808218,0.32,0.002061643835616438,0.91,5.965000000000001,3.0,12.3,1.9233824372703416,6.472812500000001,3.4,18.1,2.4811246622940475,0.013000000000000001,0.68,0.07949999999999999,0.76
48,MEL8_BST2-10,1,3,0.81,0.72,0.69,0.68,0.74,0.84,0.61,0.73,0.77,0.59,0.02,0.94,0.65,79.93979111229378,15.856182708636052,12.18315744040989,0.8,31.6,78.41251417769377,19.88,97.45,12.478827905202422,1.4,31.7,0.002611582661771017,0.0,1.0,13.358563432835819,1.8,31.1,0.002738805970149254,0.0,0.92,19.47383766101002,1.7,31.7,0.00019167859333469635,0.0,0.96,10.753247455827863,0.8,31.7,83.89595988538683,20.89,97.67,12.622172523961662,3.0,31.6,0.004418530351437699,0.0,0.76,19.104245262374718,2.7,31.7,0.00013961223685938115,0.0,0.91,2.28,0.8,4.6,85.22083333333333,66.47,94.76,12.151643835616438,1.3,31.7,0.012134246575342466,0.0,1.0,15.424416588478138,0.8,31.7,77.5781143847487,10.62,97.82,15.234931506849316,2.7,31.7,9.72614146180461,15.771429794520547,2.7,31.7,9.697179614518625,0.00016780821917808218,0.32,0.002061643835616438,0.91,5.871875,2.9,14.2,2.1394266718854844,5.8378125,3.2,14.4,1.998806259957115,0.013000000000000001,0.68,0.07949999999999999,0.76
49,MEL8_BST2-10,1,4,0.8,0.71,0.68,0.68,0.74,0.82,0.6,0.73,0.74,0.56,0.02,0.93,0.64,79.32197179350717,16.177969245111257,12.55406827801292,0.8,31.7,77.6301370510397,15.37,97.24,12.80334092317963,1.4,31.7,0.002611582661771017,0.0,1.0,13.994402985074627,2.1,31.6,0.002738805970149254,0.0,0.92,19.853526886117358,1.8,31.7,0.00019167859333469635,0.0,0.96,10.942426685992507,0.8,31.7,83.26431846090871,20.59,97.4,13.205079872204475,3.4,31.6,0.004418530351437699,0.0,0.76,19.525737231388682,3.2,31.7,0.00013961223685938115,0.0,0.91,2.515,0.8,5.0,83.50736111111111,64.1,93.85,12.471493150684932,1.3,31.7,0.012134246575342466,0.0,1.0,15.533035841621317,0.8,31.7,77.12003812824956,10.67,97.61,15.643202054794521,2.8,31.7,9.599462475333619,16.63963184931507,3.2,31.7,9.59626641696066,0.00016780821917808218,0.32,0.002061643835616438,0.91,6.391875000000001,3.2,14.8,2.1987204197839705,6.7299999999999995,3.6,17.6,2.483314317600573,0.013000000000000001,0.68,0.07949999999999999,0.76
50,MEL5_ERBB2,1,0,0.82,0.72,0.7,0.67,0.74,0.81,0.62,0.71,0.86,0.66,0.03,0.93,0.67,81.05276660897351,15.580914090264525,12.63546384172329,0.8,31.7,78.66492733239569,21.4,97.38,12.79484228068087,1.4,31.7,0.002634329246518272,0.0,1.0,12.968856088560887,2.5,31.3,0.0038191881918819186,0.0,0.92,19.073102158418845,2.1,31.7,0.00022918667542839815,0.0,0.96,10.911746097814774,0.8,31.7,84.71827145214523,22.48,97.66,11.633354838709677,1.6,31.4,0.005841935483870969,0.0,0.98,18.167723376049494,1.6,31.7,0.0002215642951833849,0.0,0.97,2.175,0.8,5.5,90.40347826086958,75.08,95.63,11.639739726027397,1.3,31.7,0.01341917808219178,0.0,1.0,15.022674422968663,0.8,31.7,79.51476949740034,10.48,98.36,12.968530510585305,2.1,31.7,10.256818026192091,12.668100456621005,1.6,31.7,10.431816486332586,0.002722291407222914,0.96,0.0025187214611872145,0.97,4.116818181818182,2.6,8.2,1.073202032846465,3.525666666666666,1.6,7.0,1.0482880753346806,0.038090909090909085,0.92,0.1168,0.98
51,MEL5_ERBB2,1,1,0.82,0.72,0.7,0.67,0.74,0.8,0.61,0.71,0.84,0.66,0.02,0.93,0.67,81.00902542937027,15.618310144255176,12.645273076347,0.8,31.7,78.30769338959212,22.4,97.25,12.903193072253304,1.5,31.7,0.002634329246518272,0.0,1.0,13.255405904059042,2.7,31.3,0.0038191881918819186,0.0,0.92,19.1622564828388,2.2,31.7,0.00022918667542839815,0.0,0.96,11.063058272632675,0.8,31.7,84.24903877887789,22.82,97.4,11.968370967741937,1.8,31.5,0.005841935483870969,0.0,0.98,18.256972602739726,1.7,31.7,0.0002215642951833849,0.0,0.97,2.363,0.8,5.8,89.12086956521739,72.57,94.69,11.697493150684931,1.4,31.7,0.01341917808219178,0.0,1.0,14.713467442296865,0.8,31.7,80.08993760831889,10.93,98.17,13.016463262764635,2.2,31.7,9.89214277152765,12.810365296803653,1.7,31.7,10.039016004186449,0.002722291407222914,0.96,0.0025187214611872145,0.97,4.407272727272727,3.0,8.2,1.1005956313749627,3.8389999999999995,1.8,7.7,1.1300939488968753,0.038090909090909085,0.92,0.1168,0.98
52,MEL5_ERBB2,1,2,0.82,0.72,0.7,0.67,0.74,0.79,0.61,0.71,0.84,0.65,0.02,0.93,0.66,80.91170150446013,15.7580043898041,12.701516863877124,0.8,31.7,78.48777308954523,17.41,97.25,12.904892869896441,1.5,31.7,0.002634329246518272,0.0,1.0,13.358487084870848,2.8,31.6,0.0038191881918819186,0.0,0.92,19.35065055856038,2.2,31.7,0.00022918667542839815,0.0,0.96,11.047951092611864,0.8,31.7,84.39162953795379,22.4,97.37,12.041919354838711,1.9,31.5,0.005841935483870969,0.0,0.98,18.459063190455147,1.7,31.7,0.0002215642951833849,0.0,0.97,2.411,0.8,5.8,88.92942028985509,72.43,94.51,11.960534246575342,1.4,31.7,0.01341917808219178,0.0,1.0,15.004436854944641,0.8,31.7,79.58819064124783,11.22,98.15,13.272851805728518,2.2,31.7,9.951420868240021,13.031625570776255,1.7,31.7,10.129808438532057,0.002722291407222914,0.96,0.0025187214611872145,0.97,4.513636363636363,3.0,8.5,1.1252860058853136,3.869333333333333,1.9,7.7,1.138973026702369,0.038090909090909085,0.92,0.1168,0.98
53,MEL5_ERBB2,1,3,0.82,0.72,0.7,0.67,0.74,0.8,0.61,0.71,0.85,0.66,0.02,0.93,0.66,80.95345626414593,15.748791928537663,12.666439727127901,0.8,31.7,78.58318799812471,17.7,97.2,12.82219616712296,1.5,31.7,0.002634329246518272,0.0,1.0,13.196789667896677,2.7,31.6,0.0038191881918819186,0.0,0.92,19.33008492139716,2.2,31.7,0.00022918667542839815,0.0,0.96,10.953922996878251,0.8,31.7,84.69136138613864,22.63,97.53,11.856790322580645,1.8,31.5,0.005841935483870969,0.0,0.98,18.432582412726468,1.7,31.7,0.0002215642951833849,0.0,0.97,2.369,0.8,5.9,89.45927536231883,73.17,94.86,12.052301369863013,1.4,31.7,0.01341917808219178,0.0,1.0,15.218412460123849,0.8,31.7,79.36184402079724,10.7,98.22,13.296276463262764,2.2,31.7,10.128698108008232,13.091689497716896,1.7,31.7,10.308125640640156,0.002722291407222914,0.96,0.0025187214611872145,0.97,4.414545454545455,2.9,8.2,1.0952655438615093,3.7969999999999997,1.8,7.7,1.123398563882531,0.038090909090909085,0.92,0.1168,0.98
54,MEL5_ERBB2,1,4,0.81,0.73,0.7,0.67,0.75,0.81,0.62,0.72,0.84,0.66,0.02,0.93,0.67,81.11257355878045,15.611916479928572,12.550612055936057,0.8,31.7,78.58475386779186,17.75,97.25,12.75005594572075,1.4,31.7,0.002634329246518272,0.0,1.0,13.132601476014758,2.7,31.6,0.0038191881918819186,0.0,0.92,19.177875954102007,2.1,31.7,0.00022918667542839815,0.0,0.96,10.933275754422477,0.8,31.7,84.54028465346535,22.62,97.48,11.849516129032258,1.8,31.4,0.005841935483870969,0.0,0.98,18.298261157755192,1.7,31.7,0.0002215642951833849,0.0,0.97,2.355,0.8,6.0,89.46086956521738,73.4,94.94,11.840561643835617,1.4,31.7,0.01341917808219178,0.0,1.0,14.917904297241511,0.8,31.7,79.90184055459272,10.88,98.23,13.11988792029888,2.1,31.7,9.961633585839301,12.927999999999997,1.7,31.7,10.099633951502298,0.002722291407222914,0.96,0.0025187214611872145,0.97,4.389545454545455,2.9,8.2,1.1349128011066323,3.818666666666666,1.8,7.5,1.143992229965843,0.038090909090909085,0.92,0.1168,0.98
55,MEL5_MRP3,1,0,0.81,0.71,0.69,0.67,0.75,0.7,0.59,0.71,0.71,0.59,0.02,0.79,0.65,80.32670837215494,16.098938000035012,12.52834384063398,0.8,31.7,79.08283638068448,18.05,97.0,12.791465896917034,1.4,31.7,0.0026563504344720864,0.0,1.0,16.387564575645754,4.0,31.7,0.0037011070110701105,0.0,0.84,19.805678612950516,2.8,31.7,0.00024728302077541323,0.0,0.91,11.04332362122789,0.8,31.7,84.15904702970296,22.56,97.48,15.40382258064516,3.8,31.5,0.005696774193548388,0.0,0.91,19.198330534688466,3.0,31.7,0.00021758727353071142,0.0,0.89,4.153000000000001,0.8,11.3,70.85690140845074,53.02,79.78,15.198630136986301,3.5,31.7,0.013210958904109591,0.0,0.92,15.195272659035465,0.8,31.7,78.25944540727903,11.94,96.88,14.35901618929016,3.5,31.7,9.406884830812022,14.647123287671233,3.0,31.7,9.473186501952862,0.0025130759651307596,0.89,0.0026337899543379,0.89,7.791818181818182,4.2,16.2,2.4727287767375103,7.124,3.8,15.4,2.261494491112754,0.035272727272727275,0.8,0.1104,0.91
56,MEL5_MRP3,1,1,0.8,0.71,0.68,0.67,0.74,0.71,0.58,0.71,0.72,0.57,0.02,0.8,0.65,80.37474777053107,16.10356950596103,12.50114786018709,0.8,31.7,79.20402719174871,21.95,97.11,12.730351743840018,1.4,31.7,0.0026563504344720864,0.0,1.0,16.238247232472325,3.9,31.5,0.0037011070110701105,0.0,0.84,19.82882474852146,2.6,31.7,0.00024728302077541323,0.0,0.91,10.9429406867846,0.8,31.7,84.39043729372936,22.83,97.65,15.280919354838709,3.7,31.5,0.005696774193548388,0.0,0.91,19.237107821475913,3.0,31.7,0.00021758727353071142,0.0,0.89,3.977,0.8,11.0,72.32239436619717,52.73,81.35,14.98709589041096,3.4,31.7,0.013210958904109591,0.0,0.92,15.314801276036778,0.8,31.7,78.06446447140381,11.54,97.01,14.377957658779577,3.4,31.7,9.579379047058499,14.597780821917809,3.0,31.7,9.605292091921987,0.0025130759651307596,0.89,0.0026337899543379,0.89,7.445,4.1,15.8,2.3236379196893355,6.920666666666666,3.7,15.1,2.156858724060423,0.035272727272727275,0.8,0.1104,0.91
57,MEL5_MRP3,1,2,0.8,0.71,0.69,0.67,0.74,0.7,0.58,0.71,0.71,0.58,0.02,0.79,0.65,80.4661546652469,16.098962181159294,12.604584632562194,0.8,31.7,78.90201593999062,23.12,97.08,12.910014879181048,1.5,31.7,0.0026563504344720864,0.0,1.0,16.465571955719557,4.1,31.5,0.0037011070110701105,0.0,0.84,19.797234999747257,2.8,31.7,0.00024728302077541323,0.0,0.91,11.143840790842873,0.8,31.7,84.0496905940594,22.68,97.4,15.491193548387097,3.8,31.5,0.005696774193548388,0.0,0.91,19.18725939019001,3.2,31.7,0.00021758727353071142,0.0,0.89,4.113,0.8,11.3,70.94422535211265,52.28,80.3,15.020753424657535,3.5,31.7,0.013210958904109591,0.0,0.92,14.965273784950273,0.8,31.7,78.84600693240901,12.09,96.96,14.270373599003737,3.5,31.7,9.296359856696913,14.59180821917808,3.2,31.7,9.338005786719622,0.0025130759651307596,0.89,0.0026337899543379,0.89,7.786363636363634,4.3,16.2,2.464012886356772,7.249,3.8,15.6,2.2216883219749795,0.035272727272727275,0.8,0.1104,0.91
58,MEL5_MRP3,1,3,0.8,0.71,0.68,0.68,0.75,0.68,0.58,0.72,0.7,0.57,0.02,0.78,0.64,80.26428856648474,16.207482909087727,12.474523767377896,0.8,31.7,79.08198781059541,18.82,96.92,12.709173907868111,1.4,31.7,0.0026563504344720864,0.0,1.0,16.738819188191883,4.2,31.7,0.0037011070110701105,0.0,0.84,19.991223272506694,2.8,31.7,0.00024728302077541323,0.0,0.91,10.955937565036422,0.8,31.7,84.30995462046205,22.75,97.55,15.775354838709678,3.9,31.5,0.005696774193548388,0.0,0.91,19.437144056562083,3.3,31.7,0.00021758727353071142,0.0,0.89,4.332,0.8,11.5,69.36366197183096,51.48,78.49,15.546739726027397,3.7,31.7,0.013210958904109591,0.0,0.92,15.4044225933571,0.8,31.7,78.00747660311958,11.69,96.83,14.678219178082193,3.6,31.7,9.436609643347941,15.073625570776256,3.3,31.7,9.488532771781559,0.0025130759651307596,0.89,0.0026337899543379,0.89,8.205,4.5,17.1,2.603183802402533,7.537333333333333,3.9,16.0,2.328190904734594,0.035272727272727275,0.8,0.1104,0.91
59,MEL5_MRP3,1,4,0.79,0.71,0.69,0.68,0.75,0.7,0.58,0.72,0.7,0.58,0.02,0.79,0.65,80.3744110208971,16.098744222790216,12.452018627197342,0.8,31.7,79.04160337552742,18.41,96.99,12.730723128199024,1.4,31.7,0.0026563504344720864,0.0,1.0,16.47470479704797,4.0,31.7,0.0037011070110701105,0.0,0.84,19.83517666683516,2.9,31.7,0.00024728302077541323,0.0,0.91,11.014868886576481,0.8,31.7,84.17810643564356,22.6,97.52,15.500403225806451,3.8,31.5,0.005696774193548388,0.0,0.91,19.256759611135664,3.1,31.7,0.00021758727353071142,0.0,0.89,4.184,0.8,11.6,70.38943661971831,51.93,80.2,15.236684931506847,3.4,31.7,0.013210958904109591,0.0,0.92,15.179950459748545,0.8,31.7,78.40964644714039,11.76,96.92,14.427833125778331,3.5,31.7,9.347626074967284,14.800593607305936,3.1,31.7,9.39676387577809,0.0025130759651307596,0.89,0.0026337899543379,0.89,7.92409090909091,4.3,16.9,2.5322486577077714,7.387,3.8,16.2,2.2902542071423717,0.035272727272727275,0.8,0.1104,0.91
60,MEL5_Melan A,1,0,0.83,0.73,0.71,0.67,0.75,0.86,0.65,0.71,0.86,0.67,0.03,0.94,0.66,81.96493606819392,15.645374074333432,12.68324369221552,0.8,31.7,79.87597749648384,17.2,97.89,12.915929651231995,1.5,31.7,0.002657421735507678,0.0,1.0,12.320239852398522,1.8,31.6,0.00351660516605166,0.0,0.96,19.005733710761767,1.7,31.7,0.0002581003892230703,0.0,0.98,11.139609781477628,0.8,31.7,85.2461303630363,21.95,97.91,11.165870967741936,1.6,31.4,0.006290322580645162,0.0,0.98,18.31684136102519,1.6,31.7,0.00021042863455589923,0.0,0.97,1.9429999999999998,0.8,5.2,93.53666666666665,78.39,96.93,11.422657534246575,1.3,31.7,0.013476712328767123,0.0,0.99,15.028412084818918,0.8,31.7,80.48777816291161,10.9,98.54,12.436849315068493,1.7,31.7,10.258605028060703,12.831552511415525,1.6,31.7,10.211137659090914,0.00263013698630137,0.97,0.0027324200913242005,0.97,3.395,2.0,7.8,1.076915840385277,3.296333333333333,1.6,8.2,1.0464638338497683,0.029636363636363634,0.95,0.12560000000000002,0.98
61,MEL5_Melan A,1,1,0.83,0.74,0.72,0.67,0.75,0.86,0.65,0.71,0.86,0.66,0.03,0.94,0.67,82.07020111880661,15.540006958911784,12.632451900164758,0.8,31.7,79.7040506329114,22.61,97.88,12.908137126532555,1.5,31.7,0.002657421735507678,0.0,1.0,12.356457564575646,1.8,31.3,0.00351660516605166,0.0,0.96,18.87933276045089,1.7,31.7,0.0002581003892230703,0.0,0.98,11.140707596253902,0.8,31.7,85.11477310231022,22.12,97.96,11.218935483870968,1.7,31.4,0.006290322580645162,0.0,0.98,18.181987627043746,1.7,31.7,0.00021042863455589923,0.0,0.97,1.9809999999999999,0.8,5.7,93.29,77.07,96.8,11.279342465753425,1.3,31.7,0.013476712328767123,0.0,0.99,14.763263651717018,0.8,31.7,81.00484575389949,11.03,98.52,12.27027397260274,1.8,31.7,10.138662265194494,12.707159817351597,1.7,31.7,10.077571728018736,0.00263013698630137,0.97,0.0027324200913242005,0.97,3.438181818181818,2.1,8.1,1.1160385964474215,3.3713333333333337,1.7,9.0,1.1145604016332578,0.029636363636363634,0.95,0.12560000000000002,0.98
62,MEL5_Melan A,1,2,0.83,0.73,0.71,0.67,0.74,0.85,0.64,0.71,0.86,0.66,0.03,0.94,0.66,81.95840303676079,15.652669114686368,12.635624514916739,0.8,31.7,80.02196905766527,21.85,97.88,12.836234376859899,1.4,31.7,0.002657421735507678,0.0,1.0,12.434778597785979,1.8,31.3,0.00351660516605166,0.0,0.96,19.05177576707274,1.7,31.7,0.0002581003892230703,0.0,0.98,11.02232570239334,0.8,31.7,85.47008250825083,22.29,98.01,11.286145161290321,1.7,31.4,0.006290322580645162,0.0,0.98,18.36008926204154,1.7,31.7,0.00021042863455589923,0.0,0.97,1.9789999999999999,0.8,5.7,93.33136363636363,77.2,96.8,11.478753424657533,1.3,31.7,0.013476712328767123,0.0,0.99,15.134628635766562,0.8,31.7,80.1793691507799,10.27,98.53,12.532615193026151,1.8,31.7,10.35869244166413,12.876602739726026,1.7,31.7,10.314485737957629,0.00263013698630137,0.97,0.0027324200913242005,0.97,3.463181818181818,2.1,8.2,1.1112887128490891,3.3603333333333336,1.7,9.0,1.1227317380191741,0.029636363636363634,0.95,0.12560000000000002,0.98
63,MEL5_Melan A,1,3,0.83,0.73,0.71,0.67,0.75,0.85,0.65,0.71,0.86,0.66,0.03,0.94,0.65,81.88749600426213,15.73496010661578,12.664224343350446,0.8,31.7,79.89804031879981,17.35,97.86,12.860042852041422,1.5,31.7,0.002657421735507678,0.0,1.0,12.37130996309963,1.8,31.6,0.00351660516605166,0.0,0.96,19.145178688773193,1.7,31.7,0.0002581003892230703,0.0,0.98,11.061913631633715,0.8,31.7,85.44364273927393,22.09,97.95,11.205032258064517,1.7,31.4,0.006290322580645162,0.0,0.98,18.454684489615556,1.7,31.7,0.00021042863455589923,0.0,0.97,1.9809999999999997,0.8,5.4,93.36060606060606,78.02,96.8,11.656397260273973,1.3,31.7,0.013476712328767123,0.0,0.99,15.322046162507037,0.8,31.7,80.10801039861352,10.46,98.51,12.680348692403488,1.8,31.7,10.395158724596122,13.125662100456621,1.7,31.7,10.334027531327948,0.00263013698630137,0.97,0.0027324200913242005,0.97,3.4663636363636363,2.1,7.7,1.0780687507784272,3.3913333333333338,1.7,8.6,1.0855374500935264,0.029636363636363634,0.95,0.12560000000000002,0.98
64,MEL5_Melan A,1,4,0.82,0.74,0.72,0.68,0.75,0.85,0.65,0.72,0.86,0.67,0.03,0.94,0.66,82.06600958977091,15.570941510127623,12.511199466238205,0.8,31.7,79.90371308016877,17.68,97.88,12.752325318414474,1.5,31.7,0.002657421735507678,0.0,1.0,12.318597785977861,1.8,31.6,0.00351660516605166,0.0,0.96,18.971649395946017,1.7,31.7,0.0002581003892230703,0.0,0.98,11.017654526534859,0.8,31.7,85.30894389438944,22.02,97.93,11.193725806451612,1.7,31.4,0.006290322580645162,0.0,0.98,18.294422006186476,1.7,31.7,0.00021042863455589923,0.0,0.97,1.9929999999999999,0.8,5.4,93.26575757575758,77.79,96.73,11.44545205479452,1.3,31.7,0.013476712328767123,0.0,0.99,14.993121411146557,0.8,31.7,80.68372963604853,10.69,98.5,12.461618929016188,1.8,31.7,10.180734075720586,12.893680365296802,1.7,31.7,10.109002916751633,0.00263013698630137,0.97,0.0027324200913242005,0.97,3.463636363636364,2.1,7.8,1.094301543345615,3.396,1.7,8.4,1.075569926442101,0.029636363636363634,0.95,0.12560000000000002,0.98
65,MEL5_BST2-10,1,0,0.83,0.73,0.71,0.67,0.75,0.84,0.64,0.71,0.83,0.65,0.02,0.92,0.65,80.90248735693373,15.805238988288018,12.632082896474722,0.8,31.7,79.16457571495545,17.45,97.59,12.87553326984883,1.4,31.7,0.0026293298416855135,0.0,1.0,13.360147601476015,1.8,31.6,0.004151291512915129,0.0,0.97,19.180746095132186,1.6,31.7,0.00026871556386796745,0.0,0.98,11.127071800208117,0.8,31.7,84.30870874587458,22.46,97.45,12.363645161290322,2.4,31.4,0.006003225806451613,0.0,0.94,18.60333583738401,1.8,31.7,0.0001715422006186478,0.0,0.96,2.5910000000000006,0.8,5.3,86.50833333333334,63.75,95.83,12.488452054794521,1.3,31.7,0.011906849315068493,0.0,1.0,15.309829986864328,0.8,31.7,79.18555979202773,11.35,98.21,13.14241594022416,2.0,31.7,10.178502931870291,13.39683105022831,1.8,31.7,10.16328237722531,0.002393524283935243,0.97,0.002524200913242009,0.96,4.29,2.3,9.0,1.3065186217926283,3.990333333333333,2.4,10.1,1.2354243085767018,0.04109090909090909,0.91,0.11866666666666667,0.94
66,MEL5_BST2-10,1,1,0.82,0.73,0.7,0.67,0.74,0.83,0.63,0.71,0.82,0.63,0.02,0.92,0.65,80.92147857332978,15.808908173001173,12.507358287605017,0.8,31.6,79.61094702297235,23.88,97.68,12.827721699797642,1.4,31.7,0.0026293298416855135,0.0,1.0,13.508671586715868,1.8,31.2,0.004151291512915129,0.0,0.97,19.147276954961328,1.6,31.7,0.00026871556386796745,0.0,0.98,11.118347554630592,0.8,31.7,84.34048679867986,22.91,97.58,12.653241935483873,2.5,31.4,0.006003225806451613,0.0,0.94,18.68439681838268,1.9,31.7,0.0001715422006186478,0.0,0.96,2.6630000000000007,0.8,5.3,85.97972222222222,63.84,95.88,12.53695890410959,1.3,31.7,0.011906849315068493,0.0,1.0,15.360123100018765,0.8,31.7,78.8914939341421,11.16,98.22,13.120734744707347,2.0,31.7,10.285201121040357,13.475726027397261,1.9,31.7,10.20606439820372,0.002393524283935243,0.97,0.002524200913242009,0.96,4.3950000000000005,2.3,9.1,1.3753090561761019,4.197333333333333,2.5,10.6,1.2841571381865835,0.04109090909090909,0.91,0.11866666666666667,0.94
67,MEL5_BST2-10,1,2,0.82,0.73,0.71,0.67,0.74,0.82,0.64,0.71,0.82,0.64,0.02,0.92,0.66,80.8718112856002,15.740005208242152,12.61807164935118,0.8,31.7,79.03842475386779,23.79,97.56,12.97493215093441,1.4,31.7,0.0026293298416855135,0.0,1.0,13.598468634686348,1.8,31.2,0.004151291512915129,0.0,0.97,19.037316888237374,1.6,31.7,0.00026871556386796745,0.0,0.98,11.269220603537983,0.8,31.7,83.89105198019801,22.87,97.32,12.698967741935485,2.6,31.5,0.006003225806451613,0.0,0.94,18.525091471498012,1.9,31.7,0.0001715422006186478,0.0,0.96,2.7250000000000005,0.8,5.5,85.41069444444445,62.78,95.57,12.369424657534246,1.3,31.7,0.011906849315068493,0.0,1.0,14.969158941640082,0.8,31.7,79.57724436741766,11.6,98.11,12.94813200498132,2.2,31.7,10.026205930083309,13.314575342465753,1.9,31.7,9.971223865083523,0.002393524283935243,0.97,0.002524200913242009,0.96,4.515,2.4,9.2,1.3824886979646525,4.288,2.6,11.0,1.3192886972405495,0.04109090909090909,0.91,0.11866666666666667,0.94
68,MEL5_BST2-10,1,3,0.82,0.72,0.7,0.67,0.74,0.82,0.64,0.71,0.82,0.64,0.02,0.92,0.65,80.7803926004791,15.89954570123072,12.664329189417355,0.8,31.7,79.15127051101733,17.63,97.55,12.918657302702059,1.4,31.7,0.0026293298416855135,0.0,1.0,13.497952029520295,1.8,31.6,0.004151291512915129,0.0,0.97,19.267181418389526,1.6,31.7,0.00026871556386796745,0.0,0.98,11.165870967741935,0.8,31.7,84.26157178217821,22.62,97.4,12.507951612903227,2.6,31.4,0.006003225806451613,0.0,0.94,18.726908970393282,1.9,31.7,0.0001715422006186478,0.0,0.96,2.6820000000000004,0.8,5.4,85.86305555555556,63.67,95.68,12.691219178082193,1.4,31.7,0.011906849315068493,0.0,1.0,15.494876337023834,0.8,31.7,78.93310918544195,11.25,98.15,13.28958904109589,2.1,31.7,10.284394044001008,13.666876712328767,1.9,31.7,10.244442245029292,0.002393524283935243,0.97,0.002524200913242009,0.96,4.449545454545454,2.3,9.0,1.339216111532575,4.218666666666667,2.6,10.6,1.2593589198035995,0.04109090909090909,0.91,0.11866666666666667,0.94
69,MEL5_BST2-10,1,4,0.82,0.73,0.71,0.68,0.75,0.83,0.64,0.71,0.83,0.65,0.02,0.92,0.66,81.02742480702689,15.779191321930638,12.505061205593606,0.8,31.7,79.30044538209094,17.85,97.63,12.800379716700395,1.4,31.7,0.0026293298416855135,0.0,1.0,13.45350553505535,1.8,31.6,0.004151291512915129,0.0,0.97,19.14842996512157,1.6,31.7,0.00026871556386796745,0.0,0.98,11.10962643080125,0.8,31.7,84.31206683168317,22.52,97.48,12.529322580645161,2.5,31.4,0.006003225806451613,0.0,0.94,18.64115775519222,1.9,31.7,0.0001715422006186478,0.0,0.96,2.6740000000000004,0.8,5.4,85.9836111111111,63.34,95.7,12.560246575342466,1.3,31.7,0.011906849315068493,0.0,1.0,15.276764871458061,0.8,31.7,79.42077989601387,11.48,98.19,13.178443337484435,2.0,31.7,10.114529815690544,13.507506849315067,1.9,31.7,10.076149890471553,0.002393524283935243,0.97,0.002524200913242009,0.96,4.445,2.3,9.5,1.38558241774484,4.1930000000000005,2.5,11.0,1.3129296756998576,0.04109090909090909,0.91,0.11866666666666667,0.94
70,MEL8_ERBB2,1,0,0.8,0.71,0.68,0.68,0.75,0.78,0.56,0.73,0.71,0.54,0.02,0.91,0.65,80.24946359643285,16.08617178883423,12.344096680775227,0.8,31.7,78.24056238185257,15.98,97.31,12.566416718325307,1.4,31.7,0.0026161127270993277,0.0,1.0,14.608283582089552,2.7,31.6,0.0026753731343283583,0.0,0.84,19.976557963606624,2.0,31.7,0.0001808423635248415,0.0,0.97,10.719182598577099,0.8,31.7,84.05929594760539,21.09,97.53,13.682523961661342,3.4,31.6,0.0042843450479233235,0.0,0.79,19.512839073920084,3.2,31.7,0.00015431747560068273,0.0,0.86,2.7460000000000004,0.8,5.9,83.28623188405797,70.89,93.43,12.667013698630138,1.5,31.7,0.013142465753424657,0.0,0.99,15.262448489397636,0.8,31.7,78.42411785095321,10.06,97.67,15.785188356164383,3.1,31.7,9.337838666290645,16.04509417808219,3.2,31.7,9.457007887973091,3.082191780821918e-05,0.04,0.002363013698630137,0.86,7.097500000000001,3.7,15.3,2.218528510071484,6.630624999999999,3.6,15.8,2.1365859705087926,0.01175,0.72,0.0755625,0.76
71,MEL8_ERBB2,1,1,0.79,0.71,0.68,0.68,0.75,0.79,0.56,0.73,0.73,0.55,0.02,0.91,0.65,80.36115000665514,16.057168554472085,12.458576520383158,0.8,31.7,78.09139413988657,15.68,97.46,12.642158218492202,1.4,31.7,0.0026161127270993277,0.0,1.0,14.504458955223882,2.6,31.6,0.0026753731343283583,0.0,0.84,19.94654569617665,2.0,31.7,0.0001808423635248415,0.0,0.97,10.772915922383612,0.8,31.7,84.20600491199346,21.08,97.75,13.495367412140578,3.2,31.6,0.0042843450479233235,0.0,0.79,19.39094927567946,3.0,31.7,0.00015431747560068273,0.0,0.86,2.6390000000000002,0.8,5.7,84.13927536231883,71.96,93.58,12.432643835616439,1.5,31.7,0.013142465753424657,0.0,0.99,15.145887783824357,0.8,31.7,78.67974003466205,10.43,97.73,15.494914383561643,3.0,31.7,9.307467348939449,15.856969178082194,3.0,31.7,9.49610515287149,3.082191780821918e-05,0.04,0.002363013698630137,0.86,6.7418749999999985,3.5,13.9,2.0245206801549345,6.469687500000001,3.3,15.8,2.1888467059946777,0.01175,0.72,0.0755625,0.76
72,MEL8_ERBB2,1,2,0.79,0.7,0.67,0.68,0.75,0.78,0.56,0.73,0.72,0.54,0.02,0.91,0.64,80.11297218155198,16.18444726983071,12.440771886834483,0.8,31.7,78.13362948960302,15.6,97.33,12.628746244814266,1.4,31.7,0.0026161127270993277,0.0,1.0,14.540876865671642,2.6,31.6,0.0026753731343283583,0.0,0.84,20.08658965446739,2.0,31.7,0.0001808423635248415,0.0,0.97,10.768961610305302,0.8,31.6,84.1326115431846,20.79,97.65,13.574632587859426,3.3,31.6,0.0042843450479233235,0.0,0.79,19.590017943892512,3.2,31.7,0.00015431747560068273,0.0,0.86,2.665,0.8,5.6,83.64652173913043,71.3,93.64,12.735123287671232,1.5,31.7,0.013142465753424657,0.0,0.99,15.479574404203417,0.8,31.7,78.07640207972271,9.99,97.67,15.982106164383561,3.2,31.7,9.387418168971706,16.22220034246575,3.2,31.7,9.566796234515483,3.082191780821918e-05,0.04,0.002363013698630137,0.86,7.075,3.6,15.6,2.2427940164000795,6.628750000000001,3.4,16.0,2.2986106537428213,0.01175,0.72,0.0755625,0.76
73,MEL8_ERBB2,1,3,0.79,0.7,0.67,0.67,0.74,0.79,0.55,0.73,0.73,0.53,0.02,0.91,0.64,80.3229042992147,16.211063903818207,12.428800957897082,0.8,31.7,78.40871928166352,15.51,97.53,12.579966382146775,1.4,31.7,0.0026161127270993277,0.0,1.0,14.576250000000002,2.5,31.6,0.0026753731343283583,0.0,0.84,20.193758433858108,2.0,31.7,0.0001808423635248415,0.0,0.97,10.737774193877655,0.8,31.7,84.58631191158413,21.19,97.85,13.585623003194888,3.2,31.6,0.0042843450479233235,0.0,0.79,19.683097290909885,2.9,31.7,0.00015431747560068273,0.0,0.86,2.659,0.8,5.7,84.34420289855072,71.39,93.6,12.663150684931507,1.5,31.7,0.013142465753424657,0.0,0.99,15.437977106398948,0.8,31.7,78.0204575389948,9.88,97.76,16.001181506849314,3.0,31.7,9.388156538590664,15.62419520547945,2.9,31.7,9.529045550976223,3.082191780821918e-05,0.04,0.002363013698630137,0.86,6.986875,3.4,16.6,2.4159398242454215,5.985312500000001,3.3,12.6,1.7230251093189994,0.01175,0.72,0.0755625,0.76
74,MEL8_ERBB2,1,4,0.78,0.69,0.66,0.67,0.74,0.78,0.54,0.73,0.72,0.52,0.02,0.9,0.64,79.71900971649141,16.453938021918386,12.678626921363332,0.8,31.7,77.55848771266541,15.52,97.23,12.83989020552191,1.4,31.7,0.0026161127270993277,0.0,1.0,14.909962686567164,2.6,31.6,0.0026753731343283583,0.0,0.84,20.44666377019015,2.0,31.7,0.0001808423635248415,0.0,0.97,10.887178597311394,0.8,31.7,83.94213671715104,20.95,97.58,13.904936102236421,3.4,31.6,0.0042843450479233235,0.0,0.79,20.003883320933085,3.2,31.7,0.00015431747560068273,0.0,0.86,2.765,0.8,5.7,82.93971014492755,69.94,93.12,12.90146575342466,1.5,31.7,0.013142465753424657,0.0,0.99,15.569118408707073,0.8,31.7,77.65049566724437,9.95,97.54,16.112534246575343,3.2,31.7,9.287144621541646,16.221001712328768,3.2,31.7,9.449707170392184,3.082191780821918e-05,0.04,0.002363013698630137,0.86,7.105625000000001,3.6,14.6,2.0977740248594463,6.5112499999999995,3.4,15.3,1.9843603345914775,0.01175,0.72,0.0755625,0.76
75,MEL8_IMP2,1,0,0.81,0.72,0.7,0.68,0.74,0.86,0.61,0.73,0.75,0.59,0.02,0.94,0.66,80.4389688664183,15.741932914339735,12.546217141902428,0.8,31.7,78.12416824196598,15.99,97.66,12.777502861093891,1.5,31.7,0.002619927518954747,0.0,1.0,13.17304104477612,1.6,31.6,0.0030111940298507465,0.0,0.95,19.27264618687385,1.6,31.7,0.000176753220200368,0.0,0.98,10.928730516796133,0.8,31.6,83.7511706917724,19.64,97.8,12.22255591054313,3.4,31.6,0.003968051118210862,0.0,0.66,18.755479452054793,3.3,31.7,0.0001572060046391527,0.0,0.8,2.0500000000000003,0.8,4.9,87.63486111111109,69.43,95.43,11.513465753424658,1.2,31.7,0.013293150684931507,0.0,0.99,14.894747982735973,0.8,31.7,79.15241941074524,10.02,98.33,15.201780821917808,2.6,31.7,9.653579624595185,16.037089041095893,3.3,31.7,9.60593518827744,0.00020547945205479456,0.29,0.0022226027397260276,0.8,6.064375,2.7,15.7,2.6104201499710733,6.393125,3.4,16.5,2.590864283279809,0.012875000000000001,0.87,0.07381249999999999,0.66
76,MEL8_IMP2,1,1,0.81,0.72,0.7,0.68,0.75,0.86,0.62,0.73,0.75,0.6,0.02,0.94,0.65,80.61397019691326,15.746671977031214,12.243851637335709,0.8,31.7,78.81337429111531,16.09,97.68,12.538718945210052,1.5,31.7,0.002619927518954747,0.0,1.0,12.947238805970148,1.6,31.6,0.0030111940298507465,0.0,0.95,19.332324677979962,1.6,31.7,0.000176753220200368,0.0,0.98,10.762735150915084,0.8,31.7,84.05974212034383,20.06,97.8,12.09814696485623,3.4,31.6,0.003968051118210862,0.0,0.66,18.90792200971596,3.2,31.7,0.0001572060046391527,0.0,0.8,2.0570000000000004,0.8,4.9,87.86222222222221,69.35,95.58,11.759410958904109,1.2,31.7,0.013293150684931507,0.0,0.99,15.165394633139426,0.8,31.7,78.83586481802425,9.7,98.36,15.311455479452055,2.5,31.7,9.66610749903752,16.273261986301367,3.2,31.7,9.630772596100561,0.00020547945205479456,0.29,0.0022226027397260276,0.8,5.9818750000000005,2.6,15.2,2.5684351236453296,6.3646875,3.4,16.1,2.584709224911721,0.012875000000000001,0.87,0.07381249999999999,0.66
77,MEL8_IMP2,1,2,0.81,0.72,0.69,0.68,0.75,0.85,0.61,0.73,0.75,0.6,0.02,0.94,0.65,80.46921367748803,15.814519506836364,12.372427043885054,0.8,31.7,78.59968809073725,15.71,97.63,12.611275094177673,1.5,31.7,0.002619927518954747,0.0,1.0,13.052126865671642,1.7,31.6,0.0030111940298507465,0.0,0.95,19.4097142711102,1.6,31.7,0.000176753220200368,0.0,0.98,10.79747777358144,0.8,31.6,84.0197339336881,19.63,97.85,12.145479233226839,3.4,31.6,0.003968051118210862,0.0,0.66,18.946172699024025,3.3,31.7,0.0001572060046391527,0.0,0.8,2.0570000000000004,0.8,4.9,87.76847222222221,69.98,95.37,11.796027397260275,1.2,31.7,0.013293150684931507,0.0,0.99,15.256901482454493,0.8,31.7,78.65169150779896,9.65,98.4,15.477294520547945,2.6,31.7,9.636158442537981,16.30636130136986,3.3,31.7,9.659344690094875,0.00020547945205479456,0.29,0.0022226027397260276,0.8,6.1475,2.7,15.6,2.6081351096137637,6.3671875,3.4,16.1,2.6156413343277305,0.012875000000000001,0.87,0.07381249999999999,0.66
78,MEL8_IMP2,1,3,0.81,0.72,0.69,0.68,0.74,0.86,0.61,0.73,0.77,0.59,0.03,0.94,0.66,80.67937067589143,15.778976208399712,12.347014925373134,0.8,31.7,78.78085066162572,19.24,97.83,12.615190620380524,1.4,31.7,0.002619927518954747,0.0,1.0,13.008731343283582,1.7,31.3,0.0030111940298507465,0.0,0.95,19.36969280310775,1.5,31.7,0.000176753220200368,0.0,0.98,10.847891680021233,0.8,31.6,84.24788784281621,20.17,98.05,12.121421725239617,3.2,31.6,0.003968051118210862,0.0,0.66,18.902929668694476,3.1,31.7,0.0001572060046391527,0.0,0.8,1.995,0.8,4.7,88.50986111111112,70.43,95.68,11.591260273972601,1.2,31.7,0.013293150684931507,0.0,0.99,15.131846875586415,0.8,31.7,78.85461698440209,9.58,98.43,14.886609589041093,2.5,31.7,9.666104392233299,15.766755136986303,3.1,31.7,9.620903598218126,0.00020547945205479456,0.29,0.0022226027397260276,0.8,5.533125,2.5,14.5,2.24529290614276,5.858437499999999,3.3,15.0,2.189903835467154,0.012875000000000001,0.87,0.07381249999999999,0.66
79,MEL8_IMP2,1,4,0.81,0.72,0.69,0.67,0.74,0.86,0.61,0.73,0.75,0.59,0.03,0.94,0.65,80.2857025013305,15.989190599779414,12.59418996435732,0.8,31.7,78.19773629489603,15.42,97.63,12.814675623480042,1.5,31.7,0.002619927518954747,0.0,1.0,13.188451492537315,1.7,31.6,0.0030111940298507465,0.0,0.95,19.6207851155183,1.6,31.7,0.000176753220200368,0.0,0.98,10.93141708091335,0.8,31.7,83.97734343020876,20.05,97.89,12.199856230031948,3.3,31.6,0.003968051118210862,0.0,0.66,19.109608735612063,3.2,31.7,0.0001572060046391527,0.0,0.8,2.056,0.8,4.8,88.11402777777776,69.91,95.44,11.862452054794522,1.3,31.7,0.013293150684931507,0.0,0.99,15.379033214486771,0.8,31.7,78.49569150779897,9.69,98.36,15.55260273972603,2.6,31.7,9.667541020866137,16.268039383561646,3.2,31.7,9.668324743602895,0.00020547945205479456,0.29,0.0022226027397260276,0.8,6.16125,2.7,16.3,2.71654623327121,6.2209375,3.3,15.8,2.472808195370953,0.012875000000000001,0.87,0.07381249999999999,0.66
80,MEL8_BST2-9,1,0,0.79,0.7,0.67,0.68,0.75,0.77,0.56,0.73,0.7,0.53,0.02,0.92,0.65,79.73485082578583,16.236662810778213,12.316274504343951,0.8,31.7,78.59970699432893,14.94,97.58,12.562519073959276,1.4,31.7,0.0026205235801821567,0.0,1.0,15.077632669983414,2.3,31.6,0.002367330016583748,0.0,0.86,20.080017378859132,2.2,31.7,0.0001809445921079534,0.0,0.94,10.767663240412784,0.8,31.7,83.92360622185836,19.59,98.03,14.270340788072417,3.9,31.6,0.004873979410720625,0.0,0.76,19.76031773819423,3.9,31.7,0.00016840999606109676,0.0,0.74,2.723456790123457,0.8,5.5,82.23859375,52.71,94.35,12.824337899543378,1.2,31.7,0.012207001522070014,0.0,1.0,15.613080878213548,0.8,31.7,76.96486655112652,10.1,98.13,15.936472602739727,3.4,31.7,9.260194783074613,17.134083904109588,4.0,31.7,9.19014157439066,0.00018835616438356165,0.28,0.002231164383561644,0.74,7.370138888888889,3.6,15.9,2.395687092960294,7.721874999999999,4.1,17.3,2.4030306295586876,0.011805555555555557,0.66,0.08756944444444444,0.76
81,MEL8_BST2-9,1,1,0.79,0.7,0.67,0.68,0.75,0.77,0.57,0.73,0.7,0.53,0.02,0.92,0.64,80.21003862546617,16.191881362901235,12.194032635330808,0.8,31.7,78.78806238185255,14.91,97.61,12.449600638977637,1.4,31.7,0.0026205235801821567,0.0,1.0,14.940775290215587,2.3,31.6,0.002367330016583748,0.0,0.86,20.121636679615623,2.2,31.7,0.0001809445921079534,0.0,0.94,10.685577070297747,0.8,31.6,84.01924273434302,19.86,97.99,14.15113596024139,3.9,31.6,0.004873979410720625,0.0,0.76,19.815772681517792,3.9,31.7,0.00016840999606109676,0.0,0.74,2.61604938271605,0.8,5.3,82.7784375,55.04,94.3,12.739284627092847,1.2,31.7,0.012207001522070014,0.0,1.0,15.43301032088572,0.8,31.7,77.9703986135182,9.91,98.17,16.139058219178082,3.6,31.7,9.202547674535024,17.20670376712329,4.0,31.7,9.189885023088621,0.00018835616438356165,0.28,0.002231164383561644,0.74,7.365277777777777,3.6,15.4,2.3766315870612518,7.589583333333334,4.1,16.8,2.3662182306959303,0.011805555555555557,0.66,0.08756944444444444,0.76
82,MEL8_BST2-9,1,2,0.79,0.71,0.67,0.68,0.75,0.78,0.57,0.73,0.72,0.54,0.02,0.92,0.65,80.39112147043154,16.10734289081988,12.096604199153486,0.8,31.7,79.02853497164462,18.32,97.66,12.385905536216681,1.4,31.7,0.0026205235801821567,0.0,1.0,14.832400497512438,2.3,31.3,0.002367330016583748,0.0,0.86,20.044451543651608,2.2,31.7,0.0001809445921079534,0.0,0.94,10.662032887954352,0.8,31.6,84.27201801064264,19.66,98.06,14.012389066382676,3.8,31.6,0.004873979410720625,0.0,0.76,19.67795395859775,3.8,31.7,0.00016840999606109676,0.0,0.74,2.619753086419753,0.8,5.3,83.03375,54.77,94.53,12.688082191780822,1.2,31.7,0.012207001522070014,0.0,1.0,15.366359166823045,0.8,31.7,78.04556672443675,10.02,98.1,15.992243150684933,3.4,31.7,9.21620463341539,16.782662671232877,3.8,31.7,9.157401654820879,0.00018835616438356165,0.28,0.002231164383561644,0.74,7.236805555555555,3.6,15.3,2.349726536328151,7.2868055555555555,3.9,16.2,2.0979237926981846,0.011805555555555557,0.66,0.08756944444444444,0.76
83,MEL8_BST2-9,1,3,0.79,0.7,0.67,0.69,0.75,0.77,0.56,0.73,0.68,0.52,0.02,0.92,0.65,80.12588172615877,16.236726515172283,12.180272610826464,0.8,31.7,78.7671313799622,15.28,97.49,12.459373658862239,1.5,31.7,0.0026205235801821567,0.0,1.0,15.147533167495855,2.4,31.6,0.002367330016583748,0.0,0.86,20.20602739726027,2.3,31.7,0.0001809445921079534,0.0,0.94,10.697768681929999,0.8,31.6,83.76689725747033,19.03,97.87,14.406017039403622,4.1,31.6,0.004873979410720625,0.0,0.76,19.95820823668432,4.0,31.7,0.00016840999606109676,0.0,0.74,2.7641975308641977,0.8,5.8,81.56843749999999,52.65,94.25,12.854474885844748,1.2,31.7,0.012207001522070014,0.0,1.0,15.33390504785138,0.8,31.7,78.0072651646447,10.09,98.0,16.16727739726027,3.6,31.7,9.127093273793701,17.545539383561643,4.0,31.7,9.081418008665082,0.00018835616438356165,0.28,0.002231164383561644,0.74,7.563194444444444,3.7,16.2,2.4024219991898503,8.134027777777778,4.4,18.2,2.63157016907852,0.011805555555555557,0.66,0.08756944444444444,0.76
84,MEL8_BST2-9,1,4,0.79,0.7,0.67,0.68,0.75,0.77,0.56,0.73,0.68,0.53,0.02,0.92,0.65,80.15559003729356,16.26934217812012,12.21685926709735,0.8,31.7,78.73811436672966,18.24,97.54,12.55457655810405,1.5,31.7,0.0026205235801821567,0.0,1.0,15.221330845771146,2.4,31.4,0.002367330016583748,0.0,0.86,20.230683909221018,2.3,31.7,0.0001809445921079534,0.0,0.94,10.811325010972858,0.8,31.6,83.78446582071224,19.6,97.94,14.421778487752928,4.1,31.6,0.004873979410720625,0.0,0.76,19.927109720337867,4.1,31.7,0.00016840999606109676,0.0,0.74,2.6358024691358026,0.8,5.4,82.18656250000001,54.88,94.19,12.720410958904111,1.2,31.7,0.012207001522070014,0.0,1.0,15.354545318070931,0.8,31.7,78.07727209705372,10.15,98.04,15.979486301369862,3.7,31.7,9.049909392368873,17.440684931506848,4.1,31.7,9.036865925958265,0.00018835616438356165,0.28,0.002231164383561644,0.74,7.472916666666666,3.8,14.6,2.3120222854918833,8.102777777777778,4.3,18.1,2.5562544334230624,0.011805555555555557,0.66,0.08756944444444444,0.76
85,MEL8_DSE,1,0,0.78,0.7,0.66,0.69,0.75,0.73,0.54,0.73,0.63,0.5,0.02,0.87,0.64,79.97078517337584,16.464578591936416,12.075988527511695,0.8,31.7,79.03351606805292,15.27,97.43,12.442407968146489,1.4,31.7,0.0026235038863192026,0.0,1.0,16.736809701492536,2.6,31.6,0.002376865671641791,0.0,0.74,20.602078307094665,2.7,31.7,0.00019167859333469637,0.0,0.89,10.757726423664629,0.8,31.7,83.74700777732296,18.88,97.87,16.014281150159743,5.2,31.6,0.003971246006389776,0.0,0.65,20.326633988358356,4.8,31.7,0.00014477657665543353,0.0,0.79,4.181,0.8,11.5,73.45891566265061,47.4,90.88,14.421479452054795,1.4,31.7,0.012065753424657533,0.0,0.99,15.524015012197411,0.8,31.7,77.6478856152513,9.83,98.13,16.615119863013696,4.2,31.7,8.82494067382845,17.89679794520548,5.0,31.7,8.901540194204422,0.00011643835616438358,0.1,0.0019417808219178083,0.79,9.143125000000001,4.3,16.6,3.006069316295784,9.397812499999999,5.4,18.6,2.835097258445246,0.012875000000000001,0.62,0.07025,0.65
86,MEL8_DSE,1,1,0.78,0.69,0.66,0.68,0.74,0.76,0.55,0.73,0.67,0.52,0.02,0.89,0.65,80.00840706788894,16.36432124350064,12.21229950991312,0.8,31.7,78.84459357277883,17.45,97.49,12.558709646654904,1.4,31.7,0.0026235038863192026,0.0,1.0,15.989682835820897,2.6,31.4,0.002376865671641791,0.0,0.74,20.404687180535674,2.5,31.7,0.00019167859333469637,0.0,0.89,10.85612285518889,0.8,31.6,83.97749897666803,19.22,98.02,15.170830670926517,4.6,31.6,0.003971246006389776,0.0,0.65,20.043574335857148,4.5,31.7,0.00014477657665543353,0.0,0.79,3.5580000000000003,0.8,8.7,76.91783132530122,49.05,90.99,13.580109589041095,1.4,31.7,0.012065753424657533,0.0,0.99,15.435533871270406,0.8,31.7,77.58991681109184,9.47,98.2,16.780582191780823,3.8,31.7,8.889790377096862,17.735008561643834,4.5,31.7,8.972760982013154,0.00011643835616438358,0.1,0.0019417808219178083,0.79,8.708749999999998,4.1,17.2,2.801459162204582,8.739687499999999,4.8,16.7,2.5817423675385873,0.012875000000000001,0.62,0.07025,0.65
87,MEL8_DSE,1,2,0.78,0.69,0.66,0.68,0.75,0.71,0.53,0.73,0.63,0.5,0.02,0.87,0.64,79.79424870466322,16.518234756044187,12.201495321897974,0.8,31.7,78.65721172022684,14.75,97.34,12.478403509608508,1.5,31.7,0.0026235038863192026,0.0,1.0,16.77277985074627,2.9,31.6,0.002376865671641791,0.0,0.74,20.67078971580454,2.8,31.7,0.00019167859333469637,0.0,0.89,10.728118078167583,0.8,31.6,83.85412607449855,18.7,97.83,15.941277955271566,5.0,31.5,0.003971246006389776,0.0,0.65,20.352671889360586,4.9,31.7,0.00014477657665543353,0.0,0.79,4.308000000000001,0.8,11.2,73.81506024096385,46.56,89.7,14.586246575342466,1.4,31.7,0.012065753424657533,0.0,0.99,15.648183148808409,0.8,31.7,77.36234662045061,9.83,98.09,17.359246575342464,4.2,31.7,8.805119742452492,17.999674657534246,5.0,31.7,8.952628750148634,0.00011643835616438358,0.1,0.0019417808219178083,0.79,9.7875,4.6,17.6,3.168156995794243,9.2575,5.4,18.0,2.7687440744857583,0.012875000000000001,0.62,0.07025,0.65
88,MEL8_DSE,1,3,0.78,0.69,0.66,0.68,0.75,0.73,0.53,0.73,0.63,0.5,0.02,0.87,0.65,79.90035339444665,16.425265664116527,12.132973657830252,0.8,31.7,78.71554820415878,17.7,97.37,12.504983667922371,1.4,31.7,0.0026235038863192026,0.0,1.0,16.695858208955222,2.7,31.3,0.002376865671641791,0.0,0.74,20.57578307094664,2.6,31.7,0.00019167859333469637,0.0,0.89,10.802003695046393,0.8,31.6,83.7275726565698,18.99,97.9,15.84458466453674,5.1,31.5,0.003971246006389776,0.0,0.65,20.205502210162372,4.8,31.7,0.00014477657665543353,0.0,0.79,4.084,0.8,11.0,74.68843373493976,47.14,90.52,14.136575342465754,1.4,31.7,0.012065753424657533,0.0,0.99,15.383911428035278,0.8,31.7,77.67842634315424,10.17,98.07,16.55123287671233,4.2,31.7,8.784466473254994,17.653219178082193,4.9,31.7,8.828021907611923,0.00011643835616438358,0.1,0.0019417808219178083,0.79,8.993125000000001,4.3,16.1,2.892730584478098,9.208437499999999,5.3,18.8,2.743701433938057,0.012875000000000001,0.62,0.07025,0.65
89,MEL8_DSE,1,4,0.78,0.69,0.66,0.68,0.74,0.75,0.54,0.73,0.67,0.51,0.02,0.88,0.64,79.68541650059784,16.51207207069204,12.317229616841166,0.8,31.7,78.50094517958412,14.67,97.36,12.600298626674931,1.5,31.7,0.0026235038863192026,0.0,1.0,16.035652985074627,2.7,31.6,0.002376865671641791,0.0,0.74,20.597849110611328,2.6,31.7,0.00019167859333469637,0.0,0.89,10.809377456134083,0.8,31.7,83.93017191977077,19.27,97.91,15.145798722044729,4.5,31.6,0.003971246006389776,0.0,0.65,20.232277561381245,4.4,31.7,0.00014477657665543353,0.0,0.79,3.6949999999999994,0.8,9.3,76.02204819277107,49.34,91.14,13.981013698630136,1.4,31.7,0.012065753424657533,0.0,0.99,15.744511915931692,0.8,31.7,77.06512651646447,9.38,98.12,16.86599315068493,4.0,31.7,8.991511657689381,17.691361301369863,4.5,31.7,9.078247269672948,0.00011643835616438358,0.1,0.0019417808219178083,0.79,8.629375,4.1,16.5,2.672021633403255,8.44875,4.8,15.5,2.4458124289282694,0.012875000000000001,0.62,0.07025,0.65
