,name,ptm,iptm,chain_ptm_A,chain_pair_iptm_A_B,chain_pair_iptm_A_M,chain_pair_iptm_A_P,chain_ptm_B,chain_pair_iptm_B_M,chain_pair_iptm_B_P,chain_ptm_M,chain_pair_iptm_M_P,chain_ptm_P,avg_plddt,avg_pae,avg_pae_A,min_pae_A,max_pae_A,std_pae_A,avg_plddt_A,min_plddt_A,max_plddt_A,std_plddt_A,avg_pae_interaction_A_B,min_pae_interaction_A_B,max_pae_interaction_A_B,std_pae_interaction_A_B,avg_contact_probs_A_B,max_contact_probs_A_B,avg_pae_interaction_A_M,min_pae_interaction_A_M,max_pae_interaction_A_M,std_pae_interaction_A_M,avg_contact_probs_A_M,max_contact_probs_A_M,avg_pae_interaction_A_P,min_pae_interaction_A_P,max_pae_interaction_A_P,std_pae_interaction_A_P,avg_contact_probs_A_P,max_contact_probs_A_P,avg_pae_B,min_pae_B,max_pae_B,std_pae_B,avg_plddt_B,min_plddt_B,max_plddt_B,std_plddt_B,avg_pae_interaction_B_M,min_pae_interaction_B_M,max_pae_interaction_B_M,std_pae_interaction_B_M,avg_contact_probs_B_M,max_contact_probs_B_M,avg_pae_interaction_B_P,min_pae_interaction_B_P,max_pae_interaction_B_P,std_pae_interaction_B_P,avg_contact_probs_B_P,max_contact_probs_B_P,avg_pae_M,min_pae_M,max_pae_M,std_pae_M,avg_plddt_M,min_plddt_M,max_plddt_M,std_plddt_M,avg_pae_interaction_M_P,min_pae_interaction_M_P,max_pae_interaction_M_P,std_pae_interaction_M_P,avg_contact_probs_M_P,max_contact_probs_M_P,avg_pae_P,min_pae_P,max_pae_P,std_pae_P,avg_plddt_P,min_plddt_P,max_plddt_P,std_plddt_P,avg_pae_interaction_cdr3a_M,min_pae_interaction_cdr3a_M,max_pae_interaction_cdr3a_M,std_pae_interaction_cdr3a_M,avg_pae_interaction_cdr3b_M,min_pae_interaction_cdr3b_M,max_pae_interaction_cdr3b_M,std_pae_interaction_cdr3b_M,avg_contact_probs_cdr3a_M,max_contact_probs_cdr3a_M,avg_contact_probs_cdr3b_M,max_contact_probs_cdr3b_M,avg_pae_interaction_cdr3a_P,min_pae_interaction_cdr3a_P,max_pae_interaction_cdr3a_P,std_pae_interaction_cdr3a_P,avg_pae_interaction_cdr3b_P,min_pae_interaction_cdr3b_P,max_pae_interaction_cdr3b_P,std_pae_interaction_cdr3b_P,avg_contact_probs_cdr3a_P,max_contact_probs_cdr3a_P,avg_contact_probs_cdr3b_P,max_contact_probs_cdr3b_P
0,MEL5_BST2-10,0.73,0.71,0.67,0.75,0.84,0.64,0.71,0.83,0.65,0.02,0.92,0.65,80.90248735693373,15.805238988288018,12.632082896474722,0.8,31.7,9.070585894462925,79.16457571495545,17.45,97.59,97.59,12.875533269848825,1.4,31.7,8.549039346005433,0.0026293298416855135,1.0,19.180746095132186,1.6,31.7,9.529733323985882,0.00026871556386796745,0.98,13.360147601476015,1.8,31.6,7.916691599542882,0.004151291512915129,0.97,11.127071800208117,0.8,31.7,8.825214108355688,84.30870874587458,22.46,97.45,97.45,18.603335837384,1.8,31.7,9.445569733515505,0.0001715422006186478,0.96,12.363645161290323,2.4,31.4,7.349169863361515,0.006003225806451613,0.94,15.309829986864328,0.8,31.7,11.567765459371095,79.18555979202773,11.35,98.21,98.21,12.488452054794521,1.3,31.7,10.419177106493025,0.011906849315068491,1.0,2.5910000000000006,0.8,5.3,1.2102144438073774,86.50833333333334,63.75,95.83,95.83,13.14241594022416,2.0,31.7,10.178502931870291,13.39683105022831,1.8,31.7,10.16328237722531,0.002393524283935243,0.97,0.002524200913242009,0.96,4.29,2.3,9.0,1.3065186217926283,3.990333333333333,2.4,10.1,1.2354243085767018,0.04109090909090909,0.91,0.11866666666666667,0.94
1,MEL5_BST2-9,0.7,0.66,0.68,0.74,0.72,0.53,0.71,0.69,0.52,0.02,0.93,0.65,80.72968425259792,16.49487546942244,12.278646804918234,0.8,31.7,8.941464893749059,79.84797937177683,16.87,97.58,97.58,12.657677657421736,1.4,31.7,8.42710531267117,0.0026576598024044755,1.0,20.512946974675224,3.0,31.7,8.328909187044744,0.0002538543193651115,0.87,15.355576055760558,2.8,31.6,7.278237672015746,0.0037556375563755637,0.83,11.039407908428721,0.8,31.7,8.71353664100109,84.26284653465348,21.11,97.76,97.76,20.21894874060981,3.8,31.7,8.075070565054071,0.0001824127264692886,0.76,14.583691756272401,4.1,31.4,6.691011141713499,0.0045913978494623656,0.85,15.625366109964345,0.8,31.7,11.749603880609456,78.34950086655113,10.79,98.29,98.29,12.566347031963469,1.2,31.7,10.695341091082923,0.011844748858447489,1.0,2.4246913580246914,0.8,5.2,1.1681504706261439,83.5909375,55.5,94.94,94.94,15.468891656288916,3.9,31.7,9.162148765679966,16.49881278538813,3.8,31.7,9.221868215553831,0.0021469489414694897,0.87,0.00223013698630137,0.7,6.677777777777779,4.1,12.7,1.768955381725745,6.895185185185185,4.1,16.5,2.042333216129642,0.04646464646464646,0.83,0.084,0.85
2,MEL5_DSE,0.73,0.7,0.68,0.75,0.81,0.62,0.71,0.8,0.63,0.02,0.9,0.65,80.89498205980067,15.915731079637961,12.476092373469857,0.8,31.7,9.04112233015264,79.49580872011252,17.04,97.54,97.54,12.787587192000952,1.4,31.7,8.546031249192513,0.0026739673848351383,1.0,19.333777485720063,1.7,31.7,9.36811269251863,0.0002878228782287823,0.98,13.664261992619927,1.9,31.6,7.73327748942244,0.004236162361623616,0.95,11.143347554630592,0.8,31.7,8.835564567045829,84.39094884488449,22.29,97.88,97.88,18.851088820150245,2.5,31.7,9.265128365602163,0.00012903225806451613,0.9,12.742096774193548,2.7,31.4,7.148431507882888,0.005145161290322581,0.91,15.546133233252018,0.8,31.7,11.526793619349098,78.88734835355287,11.08,98.12,98.12,13.009315068493152,1.4,31.7,10.307175626420777,0.012073972602739727,1.0,2.9130000000000003,0.8,6.1,1.4065315495928272,84.53638554216867,63.62,95.67,95.67,13.107646326276463,1.7,31.7,10.185947334578668,14.221205479452056,2.5,31.7,9.996244482419323,0.0023611457036114567,0.98,0.002009132420091324,0.9,4.400454545454546,1.9,9.0,1.478036096473743,4.742999999999999,2.7,10.0,1.3633724118278665,0.041545454545454545,0.93,0.10153333333333334,0.91
3,MEL5_ERBB2,0.72,0.7,0.67,0.74,0.81,0.62,0.71,0.86,0.66,0.03,0.93,0.67,81.05276660897351,15.580914090264525,12.63546384172329,0.8,31.7,8.965046376955025,78.66492733239569,21.4,97.38,97.38,12.794842280680873,1.4,31.7,8.5027720156714,0.002634329246518272,1.0,19.073102158418845,2.1,31.7,9.526735534373591,0.00022918667542839815,0.96,12.968856088560887,2.5,31.3,7.817973224150428,0.0038191881918819186,0.92,10.911746097814774,0.8,31.7,8.787367020739364,84.71827145214523,22.48,97.66,97.66,18.167723376049494,1.6,31.7,9.71612812131631,0.0002215642951833849,0.97,11.633354838709675,1.6,31.4,7.43250557131563,0.005841935483870969,0.98,15.022674422968663,0.8,31.7,12.005766089843622,79.51476949740034,10.48,98.36,98.36,11.639739726027399,1.3,31.7,10.731655781968987,0.01341917808219178,1.0,2.175,0.8,5.5,1.076046002734084,90.40347826086958,75.08,95.63,95.63,12.968530510585305,2.1,31.7,10.256818026192091,12.668100456621005,1.6,31.7,10.431816486332586,0.002722291407222914,0.96,0.0025187214611872145,0.97,4.116818181818182,2.6,8.2,1.073202032846465,3.525666666666666,1.6,7.0,1.0482880753346806,0.038090909090909085,0.92,0.1168,0.98
4,MEL5_IMP1,0.72,0.69,0.68,0.75,0.8,0.59,0.71,0.79,0.59,0.02,0.93,0.65,81.52584476101718,16.04651813693738,12.313741642951484,0.8,31.7,8.961134666120664,80.2207360525082,16.74,97.58,97.58,12.627052731817644,1.4,31.7,8.426987589525957,0.002637067015831448,1.0,19.838962240307335,2.3,31.7,8.92586256103092,0.00025729161401203055,0.93,13.748579335793359,2.4,31.6,7.587508172617417,0.004162361623616236,0.89,10.951686784599376,0.8,31.7,8.65913462485275,85.10794966996698,20.98,97.94,97.94,19.283904551480333,2.4,31.7,8.840871661070665,0.0001921343349536014,0.92,12.806419354838708,2.9,31.5,6.971012150669849,0.005732258064516129,0.91,15.42346931882154,0.8,31.7,11.526781402404755,79.33705372616984,10.51,98.43,98.43,12.256657534246576,1.3,31.7,10.532559605415074,0.013087671232876711,0.99,2.307,0.8,5.0,1.072217795039795,87.54666666666665,64.81,95.56,95.56,14.20692403486924,3.0,31.7,9.675962146730631,14.514374429223743,2.4,31.7,9.754311340264696,0.0023088418430884184,0.89,0.002599086757990867,0.92,4.945,2.9,8.8,1.2838587078873522,4.650999999999999,2.9,9.1,1.2585569779182295,0.040999999999999995,0.89,0.1114,0.91
5,MEL5_IMP2,0.72,0.69,0.68,0.75,0.82,0.61,0.71,0.79,0.6,0.02,0.93,0.66,81.56640936917753,16.0181509427356,12.518387549189145,0.8,31.7,9.037687348830405,80.06652133145805,17.4,97.62,97.62,12.861186168313296,1.4,31.7,8.513350874450932,0.002639923818593025,1.0,19.63328716574837,2.1,31.7,9.067802077197504,0.000251933478238892,0.93,13.396236162361625,2.2,31.6,7.725537314189598,0.003933579335793358,0.9,11.175806451612903,0.8,31.7,8.795970360851031,84.76460396039604,21.9,97.84,97.84,19.15763411400795,2.2,31.7,8.895352776709593,0.00018842244807777288,0.95,12.433870967741935,2.5,31.4,7.096688540538834,0.005761290322580645,0.94,15.226700694314133,0.8,31.7,11.612638018925987,79.79579202772965,10.69,98.51,98.51,11.965780821917809,1.4,31.7,10.544177072855984,0.013273972602739726,0.99,2.196,0.8,5.0,1.0666695833293458,89.27569444444445,72.47,96.05,96.05,13.560572851805727,2.5,31.7,9.770787383713948,14.612904109589042,2.2,31.7,9.69303335310533,0.0024806973848069736,0.93,0.0024694063926940634,0.95,4.470454545454546,2.6,9.1,1.241659363596398,4.695333333333333,2.5,10.4,1.4465516083277346,0.03827272727272727,0.9,0.11213333333333333,0.94
6,MEL5_MRP3,0.71,0.69,0.67,0.75,0.7,0.59,0.71,0.71,0.59,0.02,0.79,0.65,80.32670837215494,16.098938000035012,12.52834384063398,0.8,31.7,8.976821093291543,79.08283638068448,18.05,97.0,97.0,12.791465896917034,1.4,31.7,8.453589414263021,0.0026563504344720864,1.0,19.805678612950512,2.8,31.7,8.806388866272345,0.00024728302077541323,0.91,16.387564575645758,4.0,31.7,7.122032519248953,0.0037011070110701105,0.84,11.04332362122789,0.8,31.7,8.707477097476264,84.15904702970296,22.56,97.48,97.48,19.198330534688463,3.0,31.7,8.733976566291064,0.00021758727353071142,0.89,15.40382258064516,3.8,31.5,6.821988635014303,0.005696774193548388,0.91,15.195272659035465,0.8,31.7,11.60818272250772,78.25944540727903,11.94,96.88,96.88,15.198630136986301,3.5,31.7,9.310725927743633,0.01321095890410959,0.92,4.153000000000001,0.8,11.3,2.587255495694231,70.85690140845074,53.02,79.78,79.78,14.35901618929016,3.5,31.7,9.406884830812022,14.647123287671233,3.0,31.7,9.473186501952862,0.0025130759651307596,0.89,0.0026337899543379,0.89,7.791818181818182,4.2,16.2,2.4727287767375103,7.124,3.8,15.4,2.261494491112754,0.035272727272727275,0.8,0.1104,0.91
7,MEL5_MUC-16TSS,0.72,0.69,0.68,0.75,0.75,0.57,0.72,0.76,0.57,0.02,0.86,0.66,81.15641506922258,15.91347118397787,12.297121498890265,0.8,31.7,8.984699508279599,79.59522737927801,19.99,97.15,97.15,12.516838471610523,1.4,31.7,8.44211054489954,0.002603142483037733,1.0,19.76723247232472,3.1,31.7,8.711884540892816,0.00025051812161957235,0.91,14.667269372693728,3.5,31.6,7.144924314937404,0.004132841328413284,0.84,10.763023933402707,0.8,31.7,8.64213742810019,84.77588283828382,24.91,97.6,97.6,19.072456915598764,2.4,31.7,8.69767651074792,0.0002012372956252762,0.93,13.66266129032258,3.4,31.4,6.6838351711388855,0.005535483870967742,0.86,15.114874085194222,0.8,31.7,11.618784806151107,79.28318544194109,10.69,97.95,97.95,13.493753424657534,1.7,31.7,9.925090352966217,0.012854794520547944,0.96,3.3829999999999996,0.8,7.1,1.817473796234763,80.59485714285715,53.62,91.68,91.68,14.043648816936487,3.1,31.7,9.440043685981191,14.151278538812786,2.4,31.7,9.543972049148486,0.0024557907845579076,0.89,0.0027269406392694067,0.93,6.052727272727273,3.8,11.5,1.5735142539672198,5.623,3.4,13.4,1.6466443655709833,0.043454545454545454,0.84,0.10973333333333334,0.86
8,MEL5_Melan A,0.73,0.71,0.67,0.75,0.86,0.65,0.71,0.86,0.67,0.03,0.94,0.66,81.96493606819392,15.645374074333432,12.68324369221552,0.8,31.7,9.022128207786839,79.87597749648384,17.2,97.89,97.89,12.915929651231997,1.5,31.7,8.501195639907953,0.002657421735507678,1.0,19.005733710761763,1.7,31.7,9.574223244036222,0.0002581003892230703,0.98,12.320239852398526,1.8,31.6,8.033824133049801,0.00351660516605166,0.96,11.139609781477628,0.8,31.7,8.775949821481747,85.2461303630363,21.95,97.91,97.91,18.31684136102519,1.6,31.7,9.543832043115016,0.00021042863455589923,0.97,11.165870967741935,1.6,31.4,7.402394755238532,0.006290322580645162,0.98,15.028412084818918,0.8,31.7,11.673580719079002,80.48777816291161,10.9,98.54,98.54,11.422657534246575,1.3,31.7,10.62222877603323,0.013476712328767123,0.99,1.9429999999999998,0.8,5.2,0.9945104323233618,93.53666666666665,78.39,96.93,96.93,12.436849315068493,1.7,31.7,10.258605028060703,12.831552511415525,1.6,31.7,10.211137659090914,0.00263013698630137,0.97,0.0027324200913242005,0.97,3.395,2.0,7.8,1.076915840385277,3.296333333333333,1.6,8.2,1.0464638338497683,0.029636363636363634,0.95,0.12560000000000002,0.98
9,MEL8_BST2-10,0.72,0.69,0.69,0.75,0.83,0.61,0.73,0.76,0.59,0.02,0.93,0.65,79.77783528472591,15.887342658566903,12.228532245488973,0.8,31.7,8.880939993117687,78.29977788279773,15.71,97.32,97.32,12.50806888083544,1.4,31.7,8.523174232267369,0.002611582661771017,1.0,19.502436618278473,1.8,31.7,9.094114001305396,0.00019167859333469635,0.96,13.566492537313431,2.0,31.6,7.452322362406761,0.002738805970149254,0.92,10.766654758137777,0.8,31.6,8.859306241716986,83.55191567744578,20.85,97.44,97.44,19.17072782178651,3.1,31.7,8.947719236245176,0.00013961223685938115,0.91,12.82447284345048,3.3,31.6,7.066530828415243,0.004418530351437699,0.76,15.383165321823983,0.8,31.7,11.569038225942789,77.549431542461,10.65,97.74,97.74,12.331739726027399,1.3,31.7,10.463930453467148,0.012134246575342466,1.0,2.424,0.8,4.8,1.114820164869653,84.45055555555557,64.49,94.21,94.21,15.154229452054796,2.8,31.7,9.601297318275645,16.290222602739725,3.1,31.7,9.665089892064165,0.00016780821917808218,0.32,0.002061643835616438,0.91,5.96875,3.1,12.2,1.8822588656983397,6.4584375,3.4,17.9,2.4759324119599366,0.013000000000000001,0.68,0.07949999999999999,0.76
10,MEL8_BST2-9,0.7,0.67,0.68,0.75,0.77,0.56,0.73,0.7,0.53,0.02,0.92,0.65,79.73485082578583,16.236662810778213,12.316274504343951,0.8,31.7,8.939659676435332,78.59970699432893,14.94,97.58,97.58,12.562519073959276,1.4,31.7,8.572764736667644,0.0026205235801821567,1.0,20.08001737885913,2.2,31.7,8.644417362861974,0.0001809445921079534,0.94,15.077632669983416,2.3,31.6,7.386960135996853,0.002367330016583748,0.86,10.767663240412784,0.8,31.7,8.879553742843472,83.92360622185836,19.59,98.03,98.03,19.76031773819423,3.9,31.7,8.392809534063005,0.00016840999606109676,0.74,14.270340788072419,3.9,31.6,7.064358459530763,0.004873979410720625,0.76,15.613080878213548,0.8,31.7,11.736147967052434,76.96486655112652,10.1,98.13,98.13,12.824337899543378,1.2,31.7,10.525404784168789,0.012207001522070016,1.0,2.723456790123457,0.8,5.5,1.3516584787566106,82.23859375,52.71,94.35,94.35,15.936472602739727,3.4,31.7,9.260194783074613,17.134083904109588,4.0,31.7,9.19014157439066,0.00018835616438356165,0.28,0.002231164383561644,0.74,7.370138888888889,3.6,15.9,2.395687092960294,7.721874999999999,4.1,17.3,2.4030306295586876,0.011805555555555557,0.66,0.08756944444444444,0.76
11,MEL8_DSE,0.7,0.66,0.69,0.75,0.73,0.54,0.73,0.63,0.5,0.02,0.87,0.64,79.97078517337584,16.464578591936416,12.075988527511695,0.8,31.7,8.899275579477035,79.03351606805292,15.27,97.43,97.43,12.442407968146487,1.4,31.7,8.546979712315835,0.0026235038863192026,1.0,20.60207830709466,2.7,31.7,8.190192824978347,0.00019167859333469637,0.89,16.736809701492536,2.6,31.6,7.481238816197523,0.002376865671641791,0.74,10.757726423664629,0.8,31.7,8.852409491985458,83.74700777732296,18.88,97.87,97.87,20.326633988358353,4.8,31.7,8.038867450768524,0.00014477657665543353,0.79,16.014281150159743,5.2,31.6,7.254446507612914,0.003971246006389776,0.65,15.524015012197411,0.8,31.7,11.427928261612482,77.6478856152513,9.83,98.13,98.13,14.421479452054795,1.4,31.7,10.214785362551796,0.012065753424657533,0.99,4.181,0.8,11.5,2.396860237894567,73.45891566265061,47.4,90.88,90.88,16.615119863013696,4.2,31.7,8.82494067382845,17.89679794520548,5.0,31.7,8.901540194204422,0.00011643835616438358,0.1,0.0019417808219178083,0.79,9.143125000000001,4.3,16.6,3.006069316295784,9.397812499999999,5.4,18.6,2.835097258445246,0.012875000000000001,0.62,0.07025,0.65
12,MEL8_ERBB2,0.71,0.68,0.68,0.75,0.78,0.56,0.73,0.71,0.54,0.02,0.91,0.65,80.24946359643285,16.08617178883423,12.344096680775227,0.8,31.7,8.907562453950412,78.24056238185257,15.98,97.31,97.31,12.566416718325307,1.4,31.7,8.515528534598486,0.0026161127270993277,1.0,19.976557963606627,2.0,31.7,8.690966672810085,0.0001808423635248415,0.97,14.608283582089552,2.7,31.6,7.269802500563075,0.0026753731343283583,0.84,10.719182598577099,0.8,31.7,8.770614221172934,84.05929594760539,21.09,97.53,97.53,19.512839073920084,3.2,31.7,8.574368396902864,0.00015431747560068273,0.86,13.68252396166134,3.4,31.6,6.938861119061077,0.0042843450479233235,0.79,15.262448489397636,0.8,31.7,11.499365412762954,78.42411785095321,10.06,97.67,97.67,12.667013698630136,1.5,31.7,10.217757956486668,0.013142465753424657,0.99,2.7460000000000004,0.8,5.9,1.336818611480256,83.28623188405797,70.89,93.43,93.43,15.785188356164383,3.1,31.7,9.337838666290645,16.04509417808219,3.2,31.7,9.457007887973091,3.082191780821918e-05,0.04,0.002363013698630137,0.86,7.097500000000001,3.7,15.3,2.218528510071484,6.630624999999999,3.6,15.8,2.1365859705087926,0.01175,0.72,0.0755625,0.76
13,MEL8_IMP1,0.73,0.71,0.69,0.76,0.86,0.64,0.74,0.8,0.63,0.02,0.94,0.66,80.78415546386265,15.5315113968593,12.304104477611938,0.8,31.7,8.97004883750634,78.34735349716446,15.61,97.57,97.57,12.468563730866435,1.4,31.7,8.601679011660188,0.0026206427924276385,1.0,19.07498159885504,1.6,31.7,9.307346752019477,0.00017521979145369046,0.98,12.91652985074627,1.7,31.6,7.656432953406204,0.003115671641791045,0.94,10.636968837081119,0.8,31.6,8.838832652232119,84.74723291035612,20.35,97.98,97.98,18.384241323471485,2.6,31.7,9.31659101646727,0.00016026959604359056,0.86,11.903274760383386,2.6,31.6,7.21178019777311,0.003897763578274761,0.82,15.118200788140365,0.8,31.7,11.55567151034554,78.99315771230503,9.52,98.29,98.29,11.866780821917809,1.2,31.7,10.574124882662998,0.013145205479452056,1.0,2.1660000000000004,0.8,5.0,1.0075931718704727,90.08130434782609,81.29,95.52,95.52,14.772448630136987,2.6,31.7,9.700964478464481,14.94439212328767,2.6,31.7,9.814088509777472,0.0001232876712328767,0.25,0.0024845890410958903,0.86,5.493125,2.6,14.5,2.1606747173915375,5.149062499999999,2.6,12.6,1.849729472407722,0.014375000000000002,0.87,0.07225000000000001,0.82
14,MEL8_IMP2,0.72,0.7,0.68,0.74,0.86,0.61,0.73,0.75,0.59,0.02,0.94,0.66,80.4389688664183,15.741932914339735,12.546217141902428,0.8,31.7,8.939523170630045,78.12416824196598,15.99,97.66,97.66,12.77750286109389,1.5,31.7,8.576063260059122,0.002619927518954747,1.0,19.27264618687385,1.6,31.7,9.212758776807382,0.000176753220200368,0.98,13.17304104477612,1.6,31.6,7.66552826541443,0.0030111940298507465,0.95,10.928730516796133,0.8,31.6,8.918685426181602,83.7511706917724,19.64,97.8,97.8,18.755479452054793,3.3,31.7,9.084402230626482,0.0001572060046391527,0.8,12.222555910543132,3.4,31.6,7.144229950270167,0.003968051118210862,0.66,14.894747982735973,0.8,31.7,11.6046659833535,79.15241941074524,10.02,98.33,98.33,11.51346575342466,1.2,31.7,10.574341692754615,0.013293150684931506,0.99,2.0500000000000003,0.8,4.9,0.995238664843765,87.63486111111109,69.43,95.43,95.43,15.201780821917808,2.6,31.7,9.653579624595185,16.037089041095893,3.3,31.7,9.60593518827744,0.00020547945205479456,0.29,0.0022226027397260276,0.8,6.064375,2.7,15.7,2.6104201499710733,6.393125,3.4,16.5,2.590864283279809,0.012875000000000001,0.87,0.07381249999999999,0.66
15,MEL8_MRP3,0.71,0.68,0.68,0.75,0.7,0.58,0.74,0.66,0.56,0.02,0.78,0.64,79.75303260146374,15.937268255107579,12.201072065047892,0.8,31.7,8.806082766680426,78.4042674858223,17.36,97.14,97.14,12.413716560965142,1.4,31.7,8.437745948656255,0.0026101521148252345,1.0,19.68589654467389,2.2,31.7,8.698130163346018,0.0001817624207728481,0.93,16.62867537313433,4.0,31.7,6.696827921898017,0.002541044776119403,0.78,10.628921393502026,0.8,31.6,8.747172276514034,83.91305771592303,21.41,97.45,97.45,19.210352750667425,3.0,31.7,8.663256092813485,0.0001712109939165828,0.84,15.678897763578274,4.5,31.6,6.730846952799312,0.004370607028753993,0.66,15.208674798273593,0.8,31.7,11.611899366689553,77.46846447140382,11.84,96.96,96.96,15.178547945205478,3.3,31.7,9.298772791384003,0.013189041095890412,0.91,4.032,0.8,10.6,2.427421677418244,69.64070422535211,51.69,77.84,77.84,15.688698630136987,3.4,31.7,9.235855476815791,16.031523972602738,3.0,31.7,9.525241578540793,0.00015410958904109589,0.23,0.00236986301369863,0.84,9.785625,5.1,16.3,2.5821949692800117,8.6934375,4.8,16.1,2.4734693617657264,0.00925,0.62,0.07462500000000001,0.66
16,MEL8_MUC-16TSS,0.7,0.67,0.69,0.75,0.65,0.53,0.74,0.61,0.49,0.02,0.81,0.65,79.87949161565078,16.215241001558095,12.058924593450657,0.8,31.7,8.829682231350846,78.70671077504726,20.78,97.23,97.23,12.355974917743552,1.4,31.7,8.521101314086192,0.0026229078250917933,1.0,20.301019218973625,3.0,31.7,8.155816185060115,0.0001797178491106113,0.89,17.345578358208954,4.5,31.3,7.031339695376013,0.00232089552238806,0.69,10.606576570139534,0.8,31.7,8.815321761028956,83.69896848137536,20.36,97.72,97.72,19.916782791369425,4.5,31.7,8.013891035548893,0.00018819204341546673,0.72,16.587444089456866,4.9,31.6,7.0186589871928815,0.004271565495207668,0.58,15.114314130230813,0.8,31.7,11.56460404321423,77.69720970537261,10.61,97.56,97.56,14.818630136986302,1.8,31.7,9.782292545131934,0.013383561643835617,0.96,4.521000000000001,0.8,9.9,2.6012418188242328,71.97242857142858,45.12,87.06,87.06,16.362328767123287,4.2,31.7,8.724635176350088,17.334152397260272,4.6,31.7,8.768638303015118,0.00020890410958904112,0.29,0.0023904109589041097,0.72,10.100624999999999,5.5,19.1,2.962294230723039,9.846875,5.1,19.1,2.772880313748684,0.010750000000000001,0.62,0.073875,0.56
17,MEL8_Melan A,0.73,0.71,0.68,0.75,0.86,0.64,0.74,0.82,0.65,0.03,0.95,0.67,81.59077629826898,15.432518688398314,12.239730452216527,0.8,31.7,8.948262098982127,79.47274574669187,15.22,97.82,97.82,12.409460087740213,1.3,31.7,8.601048981570187,0.002614682180153545,1.0,18.864866591699037,1.5,31.7,9.412925622888915,0.000178695563279493,0.97,12.253582089552241,1.7,31.5,7.782506109714204,0.002291044776119403,0.95,10.640284171523644,0.8,31.7,8.947702804858244,85.65540319279575,20.72,98.2,98.2,18.288223116985428,1.7,31.7,9.428582890506155,0.00014311348417873866,0.96,11.267364217252396,1.9,31.6,7.400611132151629,0.003769968051118211,0.93,15.107400262713455,0.8,31.7,11.788859454437782,79.46062045060658,9.78,98.6,98.6,11.29167123287671,1.1,31.7,10.79818981285187,0.013602739726027397,0.99,1.756,0.8,4.4,0.8102246602023417,92.1569696969697,79.23,95.78,95.78,14.688253424657534,2.6,31.7,9.767790181595137,14.487619863013698,1.7,31.7,10.055550798896823,3.424657534246575e-05,0.05,0.0022962328767123287,0.96,5.196250000000001,2.4,13.7,2.247606713261909,4.428750000000001,1.9,13.5,1.9831442049180386,0.01025,0.44,0.0680625,0.93
