,original_index,af3_seed,af3_sample,ptm,iptm,chain_ptm_A,chain_pair_iptm_A_B,chain_pair_iptm_A_M,chain_pair_iptm_A_P,chain_ptm_B,chain_pair_iptm_B_M,chain_pair_iptm_B_P,chain_ptm_M,chain_pair_iptm_M_P,chain_ptm_P,avg_plddt,avg_pae,avg_pae_A,min_pae_A,max_pae_A,avg_plddt_A,min_plddt_A,max_plddt_A,avg_pae_interaction_A_B,min_pae_interaction_A_B,max_pae_interaction_A_B,avg_contact_probs_A_B,min_contact_probs_A_B,max_contact_probs_A_B,avg_pae_interaction_A_M,min_pae_interaction_A_M,max_pae_interaction_A_M,avg_contact_probs_A_M,min_contact_probs_A_M,max_contact_probs_A_M,avg_pae_interaction_A_P,min_pae_interaction_A_P,max_pae_interaction_A_P,avg_contact_probs_A_P,min_contact_probs_A_P,max_contact_probs_A_P,avg_pae_B,min_pae_B,max_pae_B,avg_plddt_B,min_plddt_B,max_plddt_B,avg_pae_interaction_B_M,min_pae_interaction_B_M,max_pae_interaction_B_M,avg_contact_probs_B_M,min_contact_probs_B_M,max_contact_probs_B_M,avg_pae_interaction_B_P,min_pae_interaction_B_P,max_pae_interaction_B_P,avg_contact_probs_B_P,min_contact_probs_B_P,max_contact_probs_B_P,avg_pae_M,min_pae_M,max_pae_M,avg_plddt_M,min_plddt_M,max_plddt_M,avg_pae_interaction_M_P,min_pae_interaction_M_P,max_pae_interaction_M_P,avg_contact_probs_M_P,min_contact_probs_M_P,max_contact_probs_M_P,avg_pae_P,min_pae_P,max_pae_P,avg_plddt_P,min_plddt_P,max_plddt_P,avg_pae_interaction_cdr3a_M,min_pae_interaction_cdr3a_M,max_pae_interaction_cdr3a_M,std_pae_interaction_cdr3a_M,avg_pae_interaction_cdr3b_M,min_pae_interaction_cdr3b_M,max_pae_interaction_cdr3b_M,std_pae_interaction_cdr3b_M,avg_contact_probs_cdr3a_M,max_contact_probs_cdr3a_M,avg_contact_probs_cdr3b_M,max_contact_probs_cdr3b_M,avg_pae_interaction_cdr3a_P,min_pae_interaction_cdr3a_P,max_pae_interaction_cdr3a_P,std_pae_interaction_cdr3a_P,avg_pae_interaction_cdr3b_P,min_pae_interaction_cdr3b_P,max_pae_interaction_cdr3b_P,std_pae_interaction_cdr3b_P,avg_contact_probs_cdr3a_P,max_contact_probs_cdr3a_P,avg_contact_probs_cdr3b_P,max_contact_probs_cdr3b_P,af3_ranking
0,0,1,0,0.65,0.59,0.69,0.75,0.37,0.52,0.71,0.4,0.58,0.65,0.94,0.03,80.37347422264101,17.38165714102483,12.356167535845099,0.8,31.7,79.29086810551559,20.84,97.74,12.384778902244468,1.4,31.7,0.002661454337315651,0.0,1.0,22.68231032310323,6.1,31.7,0.00019160191601916017,0.0,0.64,17.81515221402214,5.7,31.5,0.0027629151291512907,0.0,0.7,10.44429086473004,0.8,31.6,84.09579435313948,20.61,98.19,22.218219789458622,5.5,31.7,0.00022574615185095748,0.0,0.67,16.9953795379538,5.4,31.4,0.0027062706270627058,0.0,0.63,15.317679805524342,0.8,31.7,77.99115583075336,11.75,98.09,11.787838753387536,1.3,31.7,0.015094850948509483,0.0,0.99,2.00625,0.8,6.1,85.83546874999999,65.23,93.8,18.032288037166087,6.1,31.7,7.709184786517157,18.251084010840106,5.9,31.7,7.529626976809622,0.001506000774293457,0.64,0.0024274099883855984,0.63,9.610714285714284,5.7,17.1,2.088675124453347,9.773660714285713,5.8,15.7,2.209794146656989,0.040089285714285716,0.7,0.04116071428571428,0.63,0.7102448710017244
1,0,1,1,0.65,0.6,0.69,0.75,0.39,0.55,0.72,0.42,0.59,0.66,0.94,0.03,80.51595504105532,17.152231698107364,12.348961751610135,0.8,31.7,79.55199520383694,20.78,97.81,12.375173845797864,1.4,31.7,0.002661454337315651,0.0,1.0,22.251138511385115,5.8,31.7,0.00019160191601916017,0.0,0.64,17.319534132841326,5.4,31.5,0.0027629151291512907,0.0,0.7,10.452009062292367,0.8,31.6,84.2835229667088,20.54,98.26,21.772995429624267,5.3,31.7,0.00022574615185095748,0.0,0.67,16.544575082508253,5.1,31.5,0.0027062706270627058,0.0,0.63,15.210286352186017,0.8,31.7,77.99295493636052,11.87,98.21,11.56055216802168,1.3,31.7,0.015094850948509483,0.0,0.99,1.9515625,0.8,6.0,86.82499999999999,65.93,94.25,17.587137049941926,5.8,31.7,7.792475179712545,17.686633759194734,5.9,31.7,7.6271806990781545,0.001506000774293457,0.64,0.0024274099883855984,0.63,9.209821428571429,5.4,16.8,2.048625838276746,9.401785714285714,5.5,15.5,2.0829658689533272,0.040089285714285716,0.7,0.04116071428571428,0.63,0.7233219191585686
2,0,1,2,0.64,0.58,0.69,0.74,0.37,0.51,0.71,0.39,0.56,0.65,0.94,0.03,80.4640745726208,17.377516942152873,12.359122288639862,0.8,31.7,79.37321822541966,20.65,97.79,12.431122964694994,1.4,31.7,0.002661454337315651,0.0,1.0,22.638252382523824,6.2,31.7,0.00019160191601916017,0.0,0.64,17.830904059040588,5.8,31.5,0.0027629151291512907,0.0,0.7,10.540016773954624,0.8,31.6,84.0649220396123,19.96,98.18,22.211297593173956,5.7,31.7,0.00022574615185095748,0.0,0.67,17.06272689768977,5.6,31.5,0.0027062706270627058,0.0,0.63,15.24615712281784,0.8,31.7,78.18475748194014,11.94,98.13,11.6767445799458,1.3,31.7,0.015094850948509483,0.0,0.99,1.9796875,0.8,6.1,86.0203125,65.25,93.92,18.13586914440573,6.2,31.7,7.6019625225502745,18.312572590011616,6.2,31.7,7.3553096748107905,0.001506000774293457,0.64,0.0024274099883855984,0.63,9.773214285714285,5.8,17.1,2.1052011331995075,10.098214285714286,6.0,16.0,2.1503522196066736,0.040089285714285716,0.7,0.04116071428571428,0.63,0.708451937385284
3,0,1,3,0.58,0.49,0.69,0.75,0.22,0.33,0.72,0.22,0.36,0.64,0.94,0.03,79.68787454569929,19.316752303458312,12.307674187442982,0.8,31.7,78.96400959232614,20.85,97.8,12.36900734353878,1.4,31.7,0.002661454337315651,0.0,1.0,26.488201882018817,7.4,31.7,0.00019160191601916017,0.0,0.64,21.530350553505535,7.1,31.5,0.0027629151291512907,0.0,0.7,10.461693298042675,0.8,31.6,83.65505689001263,20.31,98.26,26.372299140483154,8.3,31.7,0.00022574615185095748,0.0,0.67,21.15486798679868,7.0,31.5,0.0027062706270627058,0.0,0.63,15.5278427743627,0.8,31.7,76.91157550739594,12.2,98.06,11.73590785907859,1.2,31.7,0.015094850948509483,0.0,0.99,1.8671875,0.8,5.7,82.2790625,63.79,93.42,22.140379403794036,7.4,31.7,6.716215647531865,22.31502129307007,8.9,31.7,6.442956977081905,0.001506000774293457,0.64,0.0024274099883855984,0.63,13.562053571428569,7.1,21.3,3.6595810255880914,13.737946428571428,7.4,20.6,3.148375045273598,0.040089285714285716,0.7,0.04116071428571428,0.63,0.6141885597259189
4,0,1,4,0.64,0.57,0.69,0.74,0.35,0.49,0.71,0.37,0.55,0.64,0.94,0.03,80.13285906582313,17.629013125814765,12.366884982502958,0.8,31.7,79.08749160671462,20.93,97.66,12.409816959555734,1.4,31.7,0.002661454337315651,0.0,1.0,23.084326843268432,6.4,31.7,0.00019160191601916017,0.0,0.64,18.155258302583025,6.2,31.5,0.0027629151291512907,0.0,0.7,10.48268688254964,0.8,31.6,83.88415929203539,20.27,98.14,22.70843328235263,6.1,31.7,0.00022574615185095748,0.0,0.67,17.31914191419142,5.9,31.4,0.0027062706270627058,0.0,0.63,15.476050410910613,0.8,31.7,77.69809769521844,11.92,98.03,11.899153116531167,1.3,31.7,0.015094850948509483,0.0,0.99,1.98125,0.8,6.1,85.68921875000001,64.83,93.93,18.643563685636856,6.4,31.7,7.419599780091767,19.003542392566782,6.6,31.7,7.168205749630194,0.001506000774293457,0.64,0.0024274099883855984,0.63,10.193749999999998,6.2,17.5,2.18044397715236,10.579910714285715,6.2,16.5,2.300698261838797,0.040089285714285716,0.7,0.04116071428571428,0.63,0.6966163883864065
5,0,2,0,0.66,0.61,0.7,0.75,0.41,0.58,0.72,0.43,0.63,0.65,0.94,0.03,80.78976982097186,16.881332948548263,12.110270829645566,0.8,31.7,79.73335731414868,20.91,97.8,12.134375190286555,1.4,31.7,0.002676190128237916,0.0,1.0,21.886758867588675,5.1,31.7,0.00018900189001890022,0.0,0.72,16.695779520295204,5.1,31.5,0.0027813653136531365,0.0,0.75,10.194288141685456,0.8,31.6,84.52078381795197,20.09,98.29,21.33295545001655,4.5,31.7,0.00022494119330632251,0.0,0.72,15.827248349834983,4.8,31.5,0.0030280528052805283,0.0,0.73,15.29658345634947,0.8,31.7,78.37096663226696,11.62,98.09,11.803658536585365,1.3,31.7,0.01507791327913279,0.0,0.99,2.0453125,0.8,6.4,86.73328125,65.5,94.01,17.24802555168409,5.1,31.7,8.199857000686816,17.170934959349594,5.1,31.7,8.176439089926543,0.0015389082462253193,0.72,0.002454510259388308,0.67,8.564285714285715,5.1,16.3,2.1121610946601397,8.409821428571428,5.1,14.9,2.0862414863914527,0.041607142857142856,0.75,0.0475,0.73,0.7303484427691321
6,0,2,1,0.65,0.6,0.69,0.75,0.39,0.55,0.72,0.4,0.58,0.65,0.93,0.03,79.87348364517433,17.059915900137216,12.136190956005501,0.8,31.7,79.31140527577936,20.67,97.74,12.197546064569558,1.4,31.7,0.002676190128237916,0.0,1.0,22.136784367843678,5.9,31.7,0.00018900189001890022,0.0,0.72,17.111646678966792,5.5,31.5,0.0027813653136531365,0.0,0.75,10.279847291659859,0.8,31.6,83.94743362831859,19.28,98.19,21.651999427585032,5.1,31.7,0.00022494119330632251,0.0,0.72,16.316212871287128,5.4,31.5,0.0030280528052805283,0.0,0.73,15.414984466917842,0.8,31.7,76.82508771929824,11.52,98.01,11.758926151761518,1.3,31.7,0.01507791327913279,0.0,0.99,2.03125,0.8,6.4,85.594375,64.76,93.43,17.697919086333723,5.9,31.7,7.829559258748353,17.846399535423927,5.7,31.7,7.6097734754924184,0.0015389082462253193,0.72,0.002454510259388308,0.67,9.197321428571428,5.6,16.3,2.1609753015308923,9.383482142857144,5.8,15.8,2.1861668222441586,0.041607142857142856,0.75,0.0475,0.73,0.7199286767978921
7,0,2,2,0.66,0.61,0.7,0.75,0.4,0.57,0.72,0.43,0.63,0.65,0.94,0.03,80.78617445147395,16.907358682708225,12.037022916354623,0.8,31.7,79.71872422062349,20.77,97.77,12.10216652661576,1.4,31.7,0.002676190128237916,0.0,1.0,21.99886748867489,5.4,31.7,0.00018900189001890022,0.0,0.72,16.734478782287823,5.1,31.5,0.0027813653136531365,0.0,0.75,10.191468156716661,0.8,31.6,84.47259165613147,20.34,98.23,21.413461590061445,4.5,31.7,0.00022494119330632251,0.0,0.72,15.853320957095711,4.9,31.4,0.0030280528052805283,0.0,0.73,15.254306299160556,0.8,31.7,78.40447884416925,11.46,98.16,11.720392953929538,1.3,31.7,0.01507791327913279,0.0,0.99,1.9765625,0.8,6.2,87.05734375,65.94,94.02,17.451567944250872,5.4,31.7,8.068448372307737,17.194667053813394,5.1,31.7,8.106624168892154,0.0015389082462253193,0.72,0.002454510259388308,0.67,8.733482142857143,5.3,16.2,2.0959984024928433,8.424999999999999,5.2,14.9,2.093527440196842,0.041607142857142856,0.75,0.0475,0.73,0.72893602327269
8,0,2,3,0.65,0.59,0.69,0.74,0.39,0.54,0.71,0.4,0.58,0.65,0.93,0.03,80.14864988558352,17.13470252686585,12.177486689996051,0.8,31.7,79.45511750599519,20.6,97.66,12.25181213693325,1.4,31.7,0.002676190128237916,0.0,1.0,22.306287562875628,5.8,31.7,0.00018900189001890022,0.0,0.72,17.293011992619924,5.5,31.5,0.0027813653136531365,0.0,0.75,10.338660697752944,0.8,31.6,84.06678887484196,20.46,98.15,21.782065523625533,5.0,31.7,0.00022494119330632251,0.0,0.72,16.429888613861387,5.3,31.4,0.0030280528052805283,0.0,0.73,15.312375055999883,0.8,31.7,77.32019951840385,11.75,97.99,11.74923780487805,1.4,31.7,0.01507791327913279,0.0,0.99,2.015625,0.8,6.2,85.93890625000002,64.67,93.65,17.58393341076268,5.8,31.7,7.745483572445349,17.825212930700733,5.5,31.7,7.578400151811133,0.0015389082462253193,0.72,0.002454510259388308,0.67,9.113392857142857,5.6,16.2,2.0601445656500785,9.319642857142856,5.7,15.9,2.202690695722032,0.041607142857142856,0.75,0.0475,0.73,0.7169689534312012
9,0,2,4,0.66,0.61,0.7,0.75,0.41,0.58,0.72,0.42,0.62,0.65,0.94,0.03,80.40941984116301,16.931299390425263,11.99913399872006,0.8,31.7,79.76658033573142,20.87,97.77,12.06359772508616,1.4,31.7,0.002676190128237916,0.0,1.0,21.934630846308465,5.2,31.7,0.00018900189001890022,0.0,0.72,16.537130996309962,5.0,31.5,0.0027813653136531365,0.0,0.75,10.161068087006722,0.8,31.6,84.39383480825958,20.37,98.26,21.463248723246306,4.7,31.7,0.00022494119330632251,0.0,0.72,15.73351897689769,5.0,31.4,0.0030280528052805283,0.0,0.73,15.51793758858998,0.8,31.7,77.46950464396285,11.54,98.07,11.858062330623309,1.3,31.7,0.01507791327913279,0.0,0.99,1.99375,0.8,6.1,87.15375,66.14,94.03,17.218786295005806,5.2,31.7,8.144604248002208,17.37506775067751,5.4,31.7,8.139265804546922,0.0015389082462253193,0.72,0.002454510259388308,0.67,8.44107142857143,5.0,15.6,1.9860474733315239,8.460714285714285,5.2,14.4,2.029552076851703,0.041607142857142856,0.75,0.0475,0.73,0.7315411413323567
10,0,5,0,0.66,0.6,0.68,0.75,0.42,0.55,0.71,0.42,0.58,0.63,0.93,0.03,79.5237084398977,17.573755225834557,12.82956659086886,0.8,31.7,78.79417266187049,21.44,97.55,12.88369929243847,1.4,31.7,0.002679478279931314,0.0,1.0,22.58315433154332,5.4,31.7,0.00018640186401864024,0.0,0.65,17.419142066420665,5.2,31.5,0.001734317343173432,0.0,0.81,10.916407977431406,0.8,31.6,83.29721871049304,20.19,98.02,21.949266146126806,4.5,31.7,0.00022279463718729596,0.0,0.81,16.41122112211221,4.9,31.6,0.0013118811881188122,0.0,0.46,16.0133320113689,0.8,31.7,76.8119470244238,12.47,97.86,12.37833672086721,1.4,31.7,0.015016937669376694,0.0,0.99,2.028125,0.8,5.8,86.54921875000001,67.5,93.05,18.078968253968252,5.5,31.7,8.215818452340011,18.873722415795584,5.3,31.7,8.024540826838614,0.001213704994192799,0.65,0.001895083236546651,0.68,9.172321428571431,5.2,20.6,2.6376298147277635,10.703125,5.5,23.6,3.313249788794444,0.027857142857142858,0.81,0.023928571428571428,0.46,0.7270065019067808
11,0,5,1,0.66,0.61,0.68,0.75,0.43,0.56,0.71,0.44,0.57,0.64,0.94,0.03,79.92016018306636,17.344684050548373,12.801092033060552,0.8,31.7,79.04246522781774,21.01,97.55,12.861671111760621,1.4,31.7,0.002679478279931314,0.0,1.0,22.18314583145832,5.0,31.7,0.00018640186401864024,0.0,0.65,17.23244926199262,5.0,31.4,0.001734317343173432,0.0,0.81,10.921542550294632,0.8,31.6,83.35429835651074,20.19,98.09,21.62229422129205,4.5,31.7,0.00022279463718729596,0.0,0.81,16.396163366336634,5.1,31.6,0.0013118811881188122,0.0,0.46,15.67187667540632,0.8,31.7,77.5893739250086,12.39,97.98,12.134146341463417,1.4,31.7,0.015016937669376694,0.0,0.99,2.0078125,0.8,5.9,87.05109374999999,67.88,93.54,17.452245451025938,5.0,31.7,8.366463631418675,18.507965543941154,5.3,31.7,8.096435281641885,0.001213704994192799,0.65,0.001895083236546651,0.68,8.860267857142857,5.0,20.0,2.5593459543341996,10.738392857142856,5.6,22.7,3.289532791829321,0.027857142857142858,0.81,0.023928571428571428,0.46,0.7358341664489882
12,0,5,2,0.68,0.63,0.68,0.74,0.48,0.63,0.71,0.49,0.66,0.63,0.94,0.03,80.28526585004711,16.99888832497974,12.5293010716085,0.8,31.7,79.522345323741,22.01,97.53,12.64915299648046,1.4,31.7,0.002679478279931314,0.0,1.0,21.65077300773008,4.2,31.7,0.00018640186401864024,0.0,0.65,16.027490774907747,4.0,31.5,0.001734317343173432,0.0,0.81,10.78633140541777,0.8,31.6,83.67410029498525,20.45,98.12,20.9998797034175,3.7,31.7,0.00022279463718729596,0.0,0.81,15.073143564356435,4.2,31.6,0.0013118811881188122,0.0,0.46,15.756245914762673,0.8,31.7,77.88616099071207,12.31,97.96,12.192649051490514,1.4,31.7,0.015016937669376694,0.0,0.99,1.9578125,0.8,5.4,88.46,69.1,94.18,16.597164150212926,4.2,31.7,8.769214216462965,17.58005226480836,4.5,31.7,8.626265491341975,0.001213704994192799,0.65,0.001895083236546651,0.68,7.4299107142857155,4.0,16.4,2.1951138904457923,9.069196428571429,4.8,20.5,3.1825118219937694,0.027857142857142858,0.81,0.023928571428571428,0.46,0.7506812341255067
13,0,5,3,0.66,0.61,0.68,0.75,0.43,0.56,0.71,0.43,0.59,0.64,0.94,0.03,79.95981289540987,17.34332259694538,12.781167195435792,0.8,31.7,78.83176978417266,21.26,97.57,12.840883294971565,1.4,31.7,0.002679478279931314,0.0,1.0,22.227931279312795,4.8,31.7,0.00018640186401864024,0.0,0.65,17.216097785977862,4.9,31.5,0.001734317343173432,0.0,0.81,10.88741517716128,0.8,31.6,83.24050568900127,20.35,98.05,21.67567996637062,4.3,31.7,0.00022279463718729596,0.0,0.81,16.33976897689769,4.8,31.6,0.0013118811881188122,0.0,0.46,15.573948487452354,0.8,31.7,77.93291021671827,12.47,98.0,12.060315040650407,1.3,31.7,0.015016937669376694,0.0,0.99,1.9843750000000004,0.8,5.9,87.133125,67.92,93.45,17.5061556329849,4.8,31.7,8.311430498771092,18.657491289198607,5.1,31.7,8.079425640312195,0.001213704994192799,0.65,0.001895083236546651,0.68,8.805803571428571,4.9,21.0,2.6351016984958693,10.659374999999999,5.3,23.0,3.3812774375042043,0.027857142857142858,0.81,0.023928571428571428,0.46,0.7348939410807541
14,0,5,4,0.65,0.6,0.68,0.75,0.4,0.53,0.71,0.42,0.56,0.63,0.93,0.03,79.37221698748148,17.56578608382786,12.676967906210427,0.8,31.7,79.06741966426858,20.98,97.59,12.768409995981148,1.4,31.7,0.002679478279931314,0.0,1.0,22.62145571455715,5.3,31.7,0.00018640186401864024,0.0,0.65,17.55385147601476,5.3,31.4,0.001734317343173432,0.0,0.81,10.872354562188892,0.8,31.6,83.3565613147914,20.17,98.12,22.012975037341135,4.9,31.7,0.00022279463718729596,0.0,0.81,16.676773927392738,5.1,31.6,0.0013118811881188122,0.0,0.46,16.039085347493042,0.8,31.7,76.17883728930168,12.82,97.87,12.3262364498645,1.3,31.7,0.015016937669376694,0.0,0.99,2.0406250000000004,0.8,5.7,86.61921874999999,67.87,93.26,18.05858497870693,5.3,31.7,8.20821135769804,18.867528068137823,5.5,31.7,7.921684366616936,0.001213704994192799,0.65,0.001895083236546651,0.68,9.2875,5.3,21.1,2.6783565389992425,11.021428571428572,5.7,23.2,3.2360808685437856,0.027857142857142858,0.81,0.023928571428571428,0.46,0.7233157627060744
15,0,10,0,0.64,0.57,0.68,0.75,0.36,0.49,0.71,0.37,0.51,0.64,0.94,0.03,79.52723246735766,17.77515714821191,12.48930978608679,0.8,31.7,78.67960671462829,21.3,97.48,12.581600964524496,1.4,31.7,0.0026672999403261365,0.0,1.0,23.275468754687545,5.8,31.7,0.0001968019680196802,0.0,0.65,18.39144372693727,5.7,31.5,0.001605166051660517,0.0,0.75,10.685570042152731,0.8,31.6,82.87957437842394,20.24,98.01,22.77044594703372,5.7,31.7,0.0002466750740114662,0.0,0.66,17.53242574257426,5.4,31.6,0.001740924092409241,0.0,0.4,15.632582016877082,0.8,31.7,77.25155142758858,11.71,98.07,12.0482554200542,1.3,31.7,0.015088075880758809,0.0,0.99,1.9359375,0.8,5.8,86.2084375,66.7,93.63,18.323112659698026,5.8,31.7,7.897750067347881,19.241831204026322,6.2,31.7,7.578948525896589,0.0013182346109175376,0.65,0.002146728610143244,0.6,9.655803571428573,5.7,18.6,2.864337725246965,11.317410714285716,6.2,21.7,3.0880400758223985,0.02598214285714286,0.75,0.028214285714285716,0.4,0.6983241516290543
16,0,10,1,0.61,0.54,0.69,0.75,0.29,0.4,0.71,0.32,0.45,0.62,0.94,0.03,79.49927042670616,18.453919113313678,12.453423836821395,0.8,31.7,78.57403836930456,21.07,97.54,12.564250484089001,1.4,31.7,0.0026672999403261365,0.0,1.0,24.789449394493946,6.4,31.7,0.0001968019680196802,0.0,0.65,20.152260147601474,6.5,31.5,0.001605166051660517,0.0,0.75,10.707194283784814,0.8,31.6,83.13752633796882,19.7,98.09,23.9561820816228,5.8,31.7,0.0002466750740114662,0.0,0.66,18.768234323432345,5.8,31.5,0.001740924092409241,0.0,0.4,15.88222471926616,0.8,31.7,77.06388372893016,12.32,98.09,12.355149051490514,1.3,31.7,0.015088075880758809,0.0,0.99,1.9781250000000001,0.8,6.1,85.36171875,65.22,93.34,20.103048780487807,6.4,31.7,7.185378389346314,19.953164924506385,6.8,31.7,7.409049557221466,0.0013182346109175376,0.65,0.002146728610143244,0.6,11.816964285714286,6.5,21.0,3.3409763434205755,11.649107142857142,6.5,21.5,2.9828227144205646,0.02598214285714286,0.75,0.028214285714285716,0.4,0.6719204419160241
17,0,10,2,0.66,0.6,0.69,0.75,0.41,0.56,0.72,0.42,0.61,0.63,0.94,0.03,80.04293713824202,17.458232023184404,12.508621886956877,0.8,31.7,79.1508824940048,21.56,97.63,12.560970857233325,1.4,31.7,0.0026672999403261365,0.0,1.0,22.62388923889239,5.1,31.7,0.0001968019680196802,0.0,0.65,17.317712177121773,4.8,31.5,0.001605166051660517,0.0,0.75,10.660095415482143,0.8,31.6,83.46778339654445,19.91,98.11,22.06501873764612,4.5,31.7,0.0002466750740114662,0.0,0.66,16.35620874587459,4.4,31.6,0.001740924092409241,0.0,0.4,15.744560483545216,0.8,31.7,77.7180701754386,11.4,98.08,12.192073170731707,1.3,31.7,0.015088075880758809,0.0,0.99,1.9500000000000002,0.8,5.7,87.71734375,68.0,94.07,17.402119628339143,5.1,31.7,8.339281289504974,18.120692992644212,5.3,31.7,8.160699518524536,0.0013182346109175376,0.65,0.002146728610143244,0.6,8.319196428571429,4.8,16.2,2.3641929453503554,9.466964285714283,5.1,19.6,2.7376145896713866,0.02598214285714286,0.75,0.028214285714285716,0.4,0.7183495645902543
18,0,10,3,0.65,0.59,0.69,0.75,0.39,0.52,0.72,0.39,0.56,0.63,0.94,0.03,79.92880199219275,17.585689644306008,12.456629130866956,0.8,31.7,79.0473717026379,21.6,97.56,12.475081290416863,1.4,31.7,0.0026672999403261365,0.0,1.0,22.902457024570246,5.4,31.7,0.0001968019680196802,0.0,0.65,17.839275830258302,5.4,31.5,0.001605166051660517,0.0,0.75,10.534816848021437,0.8,31.6,83.32084281500211,19.76,98.07,22.429254429507992,5.1,31.7,0.0002466750740114662,0.0,0.66,16.977970297029703,4.8,31.6,0.001740924092409241,0.0,0.4,15.763083408611866,0.8,31.7,77.63188854489164,12.05,98.12,12.148069105691057,1.3,31.7,0.015088075880758809,0.0,0.99,1.9328125000000003,0.8,5.8,87.20375,67.91,94.03,17.856184668989545,5.4,31.7,8.173057271104902,18.75344560588463,5.6,31.7,7.768931688935311,0.0013182346109175376,0.65,0.002146728610143244,0.6,9.020535714285714,5.4,18.4,2.602613329248437,10.648214285714285,5.5,21.5,2.9541732630919513,0.02598214285714286,0.75,0.028214285714285716,0.4,0.7160155203110338
19,0,10,4,0.65,0.59,0.69,0.75,0.38,0.51,0.72,0.4,0.55,0.63,0.94,0.03,79.99626060034997,17.57848852444878,12.405530970438855,0.8,31.7,79.28108393285372,21.37,97.56,12.473035329363196,1.4,31.7,0.0026672999403261365,0.0,1.0,22.96827768277683,5.6,31.7,0.0001968019680196802,0.0,0.65,17.933002767527675,5.5,31.5,0.001605166051660517,0.0,0.75,10.602635907155072,0.8,31.6,83.33990307627475,19.43,98.09,22.402790970153923,5.2,31.7,0.0002466750740114662,0.0,0.66,17.029620462046203,5.1,31.6,0.001740924092409241,0.0,0.4,15.642074455974912,0.8,31.7,77.63015823873408,11.98,98.06,12.134705284552846,1.3,31.7,0.015088075880758809,0.0,0.99,1.9640625,0.8,6.0,86.79218750000001,67.21,93.68,18.02116724738676,5.6,31.7,7.991138267929646,18.736198219125047,5.6,31.7,7.787126562181729,0.0013182346109175376,0.65,0.002146728610143244,0.6,9.263392857142858,5.5,17.5,2.640650472344236,10.704017857142857,5.6,21.3,2.9749147526266038,0.02598214285714286,0.75,0.028214285714285716,0.4,0.7103004456777227
20,1,1,0,0.74,0.71,0.7,0.76,0.63,0.81,0.73,0.64,0.84,0.67,0.94,0.03,81.17310270561313,15.24188529203307,12.322555520758158,0.8,31.7,79.45394244604316,18.92,97.64,12.197850523059685,1.3,31.7,0.002668517774286654,0.0,1.0,18.71091260912609,2.4,31.7,0.00027610276102761025,0.0,0.94,12.601245387453876,2.7,31.4,0.003966789667896679,0.0,0.92,10.18282848086789,0.8,31.6,84.90906447534768,19.96,98.23,17.953402738647846,1.9,31.7,0.00022771382829339846,0.0,0.93,11.429620462046206,2.0,31.4,0.002904290429042905,0.0,0.93,14.755822151717451,0.8,31.7,79.15617819057448,11.33,98.1,11.112228997289971,1.3,31.7,0.015064363143631436,0.0,0.99,1.7937500000000002,0.8,4.7,90.27015625,80.54,93.92,13.72363530778165,2.4,31.7,9.989641209772476,12.85122919086334,1.9,31.7,10.08104428951763,0.0017305458768873403,0.91,0.003261711188540457,0.93,4.646428571428571,2.7,9.0,1.3796304222656213,3.986160714285714,2.0,8.7,1.147059708197842,0.05633928571428572,0.92,0.05232142857142857,0.93,0.8301416226291265
21,1,1,1,0.75,0.72,0.7,0.77,0.64,0.82,0.73,0.65,0.84,0.68,0.94,0.03,81.37981693363844,15.135528156205048,12.223884478697185,0.8,31.7,79.78523741007193,19.04,97.73,12.11648581832353,1.3,31.7,0.002668517774286654,0.0,1.0,18.543245932459325,2.3,31.7,0.00027610276102761025,0.0,0.94,12.38759225092251,2.6,31.3,0.003966789667896679,0.0,0.92,10.15385419730092,0.8,31.6,85.05501896333755,20.4,98.24,17.837987335318896,1.9,31.7,0.00022771382829339846,0.0,0.93,11.25957095709571,2.0,31.4,0.002904290429042905,0.0,0.93,14.67248624789771,0.8,31.7,79.31901960784315,10.79,98.13,11.03077574525745,1.2,31.7,0.015064363143631436,0.0,0.99,1.7874999999999999,0.8,4.7,90.66390625,81.2,94.24,13.534698025551684,2.4,31.7,10.041628947538277,12.713734030197443,1.9,31.7,10.097703600156997,0.0017305458768873403,0.91,0.003261711188540457,0.93,4.472321428571429,2.6,8.9,1.3876502377753406,3.9026785714285714,2.0,8.8,1.129195337826626,0.05633928571428572,0.92,0.05232142857142857,0.93,0.8367428724548822
22,1,1,2,0.74,0.72,0.7,0.76,0.63,0.82,0.73,0.65,0.84,0.67,0.94,0.03,81.36133799973076,15.19145213240587,12.267467763238518,0.8,31.7,79.5926762589928,18.7,97.76,12.19623628414502,1.3,31.7,0.002668517774286654,0.0,1.0,18.607337573375734,2.3,31.7,0.00027610276102761025,0.0,0.94,12.459986162361623,2.6,31.4,0.003966789667896679,0.0,0.92,10.252992625995272,0.8,31.6,85.03042562157607,20.3,98.2,17.882365147083817,1.9,31.7,0.00022771382829339846,0.0,0.93,11.319492574257426,2.0,31.4,0.002904290429042905,0.0,0.93,14.686393313797637,0.8,31.7,79.43047815617476,10.55,98.16,11.02069783197832,1.2,31.7,0.015064363143631436,0.0,0.99,1.7531249999999998,0.8,4.6,90.64140625,81.21,94.11,13.828726287262873,2.5,31.7,9.918075637703181,12.710269066976384,1.9,31.7,10.073062172851579,0.0017305458768873403,0.91,0.003261711188540457,0.93,4.664732142857142,2.7,8.9,1.4187698770296884,3.8834821428571424,2.0,8.8,1.1210424117609632,0.05633928571428572,0.92,0.05232142857142857,0.93,0.8340925897230638
23,1,1,3,0.74,0.72,0.7,0.77,0.64,0.81,0.73,0.65,0.85,0.67,0.94,0.03,81.23706555391034,15.198005641302917,12.188396127503713,0.8,31.7,79.73110791366906,18.95,97.75,12.13556075164712,1.3,31.7,0.002668517774286654,0.0,1.0,18.58456984569846,2.3,31.7,0.00027610276102761025,0.0,0.94,12.369303505535056,2.6,31.3,0.003966789667896679,0.0,0.92,10.215833959633589,0.8,31.6,84.88474926253687,20.04,98.31,17.914040265815203,2.0,31.7,0.00022771382829339846,0.0,0.93,11.26516089108911,2.0,31.4,0.002904290429042905,0.0,0.93,14.854155007674738,0.8,31.7,79.13635706914346,10.86,98.18,11.08744918699187,1.2,31.7,0.015064363143631436,0.0,0.99,1.7609374999999998,0.8,4.5,90.4671875,81.48,94.02,13.399235385210995,2.3,31.7,10.061553127213537,13.453755323267519,2.0,31.7,10.01760966094956,0.0017305458768873403,0.91,0.003261711188540457,0.93,4.340178571428572,2.6,8.4,1.2969373140918081,4.398214285714285,2.0,10.8,1.692445512040045,0.05633928571428572,0.92,0.05232142857142857,0.93,0.833302172180033
24,1,1,4,0.73,0.7,0.7,0.76,0.63,0.81,0.73,0.64,0.83,0.66,0.94,0.03,81.01355767936465,15.467489974027007,12.324964257022643,0.8,31.7,79.3465371702638,19.02,97.64,12.2242689951652,1.4,31.7,0.002668517774286654,0.0,1.0,19.04859998599986,2.5,31.7,0.00027610276102761025,0.0,0.94,12.66884225092251,2.8,31.3,0.003966789667896679,0.0,0.92,10.236333039244519,0.8,31.6,84.89518752633796,20.34,98.2,18.39350800933752,2.1,31.7,0.00022771382829339846,0.0,0.93,11.493667491749175,2.2,31.4,0.002904290429042905,0.0,0.93,14.950228038865758,0.8,31.7,78.84567251461988,11.59,97.97,11.380538617886181,1.3,31.7,0.015064363143631436,0.0,0.99,1.8046875,0.8,4.7,89.8678125,79.72,93.58,14.110714285714288,2.5,31.7,9.900447671928019,13.354268292682926,2.1,31.7,9.963704659747775,0.0017305458768873403,0.91,0.003261711188540457,0.93,4.770089285714286,2.8,9.2,1.417381889470685,4.135714285714286,2.2,9.0,1.1476962283867023,0.05633928571428572,0.92,0.05232142857142857,0.93,0.8201592793588149
25,1,2,0,0.66,0.61,0.69,0.75,0.43,0.58,0.72,0.44,0.6,0.64,0.94,0.03,79.62738053573831,17.16940870255561,12.514354379706159,0.8,31.7,78.23407194244604,20.39,97.41,12.54181250228344,1.4,31.7,0.0027048092263100847,0.0,1.0,22.07660826608266,5.3,31.7,0.00026740267402674026,0.0,0.75,16.791397601476014,4.8,31.5,0.003385608856088561,0.0,0.78,10.549065995708483,0.8,31.6,83.32532659081332,19.34,97.97,21.559572745892474,5.3,31.7,0.00017199280903700125,0.0,0.64,16.066460396039602,5.2,31.4,0.0028795379537953796,0.0,0.57,15.58927446185031,0.8,31.7,77.5265909872721,12.76,97.61,12.026287262872629,1.3,31.7,0.014979674796747966,0.0,0.99,1.8890625,0.8,5.1,83.32765624999999,71.29,88.83,17.847986837011227,5.3,31.7,8.229796929663856,18.8128823073945,5.9,31.7,8.001189633799992,0.0019686411149825783,0.75,0.0017440960123886952,0.49,8.957142857142857,5.2,19.5,2.5836268211605966,9.983928571428573,5.6,18.8,2.4288281114352164,0.041875,0.78,0.05357142857142857,0.57,0.7296456784520851
26,1,2,1,0.66,0.6,0.69,0.75,0.43,0.57,0.71,0.42,0.59,0.63,0.94,0.03,79.09897159779244,17.440385183121204,12.676299342329216,0.8,31.7,77.86388009592326,20.43,97.33,12.738506083080633,1.4,31.7,0.0027048092263100847,0.0,1.0,22.35594105941059,5.3,31.7,0.00026740267402674026,0.0,0.75,17.01240774907749,4.9,31.5,0.003385608856088561,0.0,0.78,10.766225533444434,0.8,31.6,82.91689844079224,19.21,97.86,21.899210246227874,5.5,31.7,0.00017199280903700125,0.0,0.64,16.36996699669967,5.5,31.4,0.0028795379537953796,0.0,0.57,15.924735423505997,0.8,31.7,76.77526659786722,13.05,97.59,12.198746612466124,1.3,31.7,0.014979674796747966,0.0,0.99,1.89375,0.8,5.2,83.32140625,71.37,89.19,18.127419667053815,5.3,31.7,8.2053491542623,19.2152922957801,6.0,31.7,7.887560737273099,0.0019686411149825783,0.75,0.0017440960123886952,0.49,9.085267857142856,5.2,20.2,2.650354915525947,10.431250000000002,6.1,19.6,2.5349884210076494,0.041875,0.78,0.05357142857142857,0.57,0.7272039210655655
27,1,2,2,0.67,0.61,0.69,0.75,0.44,0.59,0.72,0.44,0.61,0.63,0.94,0.03,79.63308386054649,17.187705232524067,12.390913794746806,0.8,31.7,78.40685371702637,20.33,97.38,12.44290063692716,1.4,31.7,0.0027048092263100847,0.0,1.0,22.134648846488467,5.3,31.7,0.00026740267402674026,0.0,0.75,16.85191420664207,4.8,31.5,0.003385608856088561,0.0,0.78,10.485930573255343,0.8,31.6,83.36911504424779,19.5,97.88,21.59218519412917,5.0,31.7,0.00017199280903700125,0.0,0.64,16.08424092409241,5.3,31.4,0.0028795379537953796,0.0,0.57,15.791027533581566,0.8,31.7,77.36493636050912,12.85,97.64,12.184044715447154,1.3,31.7,0.014979674796747966,0.0,0.99,1.9171875,0.8,5.4,84.07984375,71.78,90.07,17.814672861014326,5.5,31.7,8.189960708496946,18.88349787069299,5.8,31.7,7.95334316362698,0.0019686411149825783,0.75,0.0017440960123886952,0.49,8.939285714285713,5.3,19.4,2.4925194204307597,10.067410714285716,5.8,18.7,2.399099624835368,0.041875,0.78,0.05357142857142857,0.57,0.7341733470354146
28,1,2,3,0.67,0.62,0.69,0.75,0.44,0.58,0.72,0.44,0.61,0.64,0.94,0.03,79.26793646520393,17.14046401983191,12.465019539494289,0.8,31.7,78.24424460431655,20.45,97.35,12.526123756287067,1.4,31.7,0.0027048092263100847,0.0,1.0,21.986898368983688,5.2,31.7,0.00026740267402674026,0.0,0.75,16.755857933579335,4.7,31.5,0.003385608856088561,0.0,0.78,10.584750950342558,0.8,31.6,83.19737884534345,19.33,97.87,21.50398946398705,5.3,31.7,0.00017199280903700125,0.0,0.64,16.083766501650167,5.2,31.4,0.0028795379537953796,0.0,0.57,15.646425187829113,0.8,31.7,76.69708634330925,14.19,97.56,11.925440379403796,1.3,31.7,0.014979674796747966,0.0,0.99,1.9015625000000003,0.8,5.2,83.694375,71.85,89.85,17.606039488966317,5.4,31.7,8.078864223903409,18.68521099496709,5.9,31.7,7.773832140449976,0.0019686411149825783,0.75,0.0017440960123886952,0.49,8.813392857142857,5.0,19.2,2.5159312226473594,10.095089285714286,5.6,19.1,2.447196462841173,0.041875,0.78,0.05357142857142857,0.57,0.7360952434453947
29,1,2,4,0.66,0.61,0.7,0.76,0.43,0.56,0.72,0.42,0.59,0.63,0.94,0.03,79.5272284291291,17.197979104401696,12.298514453779225,0.8,31.7,78.6143932853717,20.28,97.53,12.372365520684909,1.4,31.7,0.0027048092263100847,0.0,1.0,22.190178401784017,5.1,31.7,0.00026740267402674026,0.0,0.75,16.84107472324723,4.9,31.5,0.003385608856088561,0.0,0.78,10.435399579561915,0.8,31.6,83.43564686051411,18.98,98.04,21.69324326741617,5.3,31.7,0.00017199280903700125,0.0,0.64,16.098906765676567,5.3,31.5,0.0028795379537953796,0.0,0.57,15.781901572403259,0.8,31.7,76.9180323357413,13.36,97.63,12.152845528455286,1.3,31.7,0.014979674796747966,0.0,0.99,1.9078125,0.8,5.3,82.8634375,69.02,89.64,17.92426442121564,5.1,31.7,8.314977850251578,19.13334301200155,5.7,31.7,8.046725379156511,0.0019686411149825783,0.75,0.0017440960123886952,0.49,8.925446428571428,4.9,18.9,2.5822064168599996,10.401785714285714,5.6,19.4,2.770120618275659,0.041875,0.78,0.05357142857142857,0.57,0.7302901242622168
30,1,5,0,0.74,0.72,0.7,0.77,0.65,0.83,0.73,0.66,0.86,0.66,0.95,0.03,81.39089244851257,15.346661602541353,12.479098868479461,0.8,31.7,79.71328057553957,19.43,97.99,12.348274938194926,1.3,31.7,0.0027017646414087904,0.0,1.0,18.731382813828137,2.1,31.7,0.0002735027350273503,0.0,0.95,12.314368081180811,2.4,31.4,0.003680811808118081,0.0,0.93,10.345654565456545,0.8,31.6,85.31426464391066,20.72,98.41,17.992094412693298,1.8,31.7,0.00022592503152754306,0.0,0.95,11.096039603960396,1.8,31.4,0.0029414191419141916,0.0,0.94,14.999294217874427,0.8,31.7,79.15683866529068,10.29,98.28,11.209908536585367,1.2,31.7,0.015115176151761518,0.0,0.99,1.75625,0.8,4.6,92.04796875,81.99,95.45,13.564605110336817,2.1,31.7,10.13281920195774,12.737233836624082,1.8,31.7,10.249743517480043,0.0017653890824622534,0.93,0.003250096786682152,0.95,4.233928571428572,2.4,9.1,1.4066521533812988,3.6517857142857144,1.8,8.7,1.113350970113675,0.054375,0.93,0.05339285714285714,0.94,0.8329533822448766
31,1,5,1,0.73,0.71,0.7,0.76,0.64,0.81,0.73,0.65,0.84,0.65,0.94,0.03,81.47495625252388,15.562050130417811,12.531704361324055,0.8,31.7,79.9147721822542,19.23,97.83,12.407182175782154,1.4,31.7,0.0027017646414087904,0.0,1.0,19.11550915509155,2.4,31.7,0.0002735027350273503,0.0,0.95,12.723224169741698,2.6,31.3,0.003680811808118081,0.0,0.93,10.391048807851083,0.8,31.6,85.38822587442057,19.35,98.31,18.459372400654697,2.1,31.7,0.00022592503152754306,0.0,0.95,11.539212046204621,2.1,31.4,0.0029414191419141916,0.0,0.94,14.928037396905134,0.8,31.7,79.200694874441,12.89,98.05,11.472662601626016,1.3,31.6,0.015115176151761518,0.0,0.99,1.8796875000000002,0.8,4.8,90.50734374999999,79.87,94.1,14.126993805652344,2.5,31.7,9.885363840377345,13.302032520325204,2.1,31.7,9.940381112733222,0.0017653890824622534,0.93,0.003250096786682152,0.95,4.779464285714285,2.6,10.0,1.569556260816205,4.135267857142858,2.1,9.4,1.1717115532275153,0.054375,0.93,0.05339285714285714,0.94,0.8241076224944042
32,1,5,2,0.74,0.71,0.7,0.76,0.64,0.81,0.73,0.65,0.84,0.66,0.94,0.03,81.45203392111993,15.384842674875415,12.387526041312073,0.8,31.7,80.06372182254198,18.91,97.92,12.285764738835507,1.3,31.7,0.0027017646414087904,0.0,1.0,18.848258482584825,2.3,31.7,0.0002735027350273503,0.0,0.95,12.686185424354244,2.5,31.4,0.003680811808118081,0.0,0.93,10.32060037686937,0.8,31.6,85.4923177412558,19.87,98.39,18.115899272854115,2.0,31.7,0.00022592503152754306,0.0,0.95,11.513469471947197,2.0,31.4,0.0029414191419141916,0.0,0.94,14.98717400724143,0.8,31.7,78.94038871689027,11.56,98.2,11.340379403794037,1.3,31.7,0.015115176151761518,0.0,0.99,1.8640625,0.8,4.8,90.95812500000001,80.73,94.63,13.799225706542778,2.4,31.7,9.972315694668712,12.947048006194347,2.0,31.7,10.06269593083566,0.0017653890824622534,0.93,0.003250096786682152,0.95,4.647321428571429,2.5,9.8,1.5363721078653212,4.023660714285714,2.0,9.1,1.1651651442849775,0.054375,0.93,0.05339285714285714,0.94,0.8281838893211152
33,1,5,3,0.74,0.71,0.69,0.76,0.64,0.81,0.73,0.65,0.84,0.66,0.94,0.03,81.0976066765379,15.479351305449685,12.553357116596995,0.8,31.7,79.74640287769785,19.2,97.84,12.41723661296019,1.4,31.7,0.0027017646414087904,0.0,1.0,18.9230187301873,2.3,31.7,0.0002735027350273503,0.0,0.95,12.787407749077492,2.7,31.4,0.003680811808118081,0.0,0.93,10.387159210970603,0.8,31.6,85.23173198482932,20.04,98.26,18.17345693918985,2.0,31.7,0.00022592503152754306,0.0,0.95,11.574566831683168,2.1,31.5,0.0029414191419141916,0.0,0.94,15.1088667092633,0.8,31.7,78.48711042311662,11.84,98.05,11.418716124661247,1.3,31.6,0.015115176151761518,0.0,0.99,1.9125,0.8,5.1,90.40531250000001,79.23,94.22,13.955739450251647,2.6,31.7,9.918771478725267,13.05336817653891,2.0,31.7,9.989031406039413,0.0017653890824622534,0.93,0.003250096786682152,0.95,4.7888392857142845,2.7,10.4,1.6042940400774608,4.167410714285714,2.1,9.9,1.246731616736705,0.054375,0.93,0.05339285714285714,0.94,0.8287370010554397
34,1,5,4,0.73,0.71,0.7,0.77,0.64,0.81,0.73,0.66,0.84,0.66,0.94,0.03,81.101425494683,15.527683295352395,12.505503737694205,0.8,31.7,79.7705179856115,18.79,97.95,12.3637785734293,1.4,31.7,0.0027017646414087904,0.0,1.0,19.016733667336673,2.3,31.7,0.0002735027350273503,0.0,0.95,12.67184040590406,2.5,31.4,0.003680811808118081,0.0,0.93,10.33802786219216,0.8,31.6,85.31197640117995,19.74,98.35,18.2856766570966,2.0,31.7,0.00022592503152754306,0.0,0.95,11.447359735973597,2.0,31.5,0.0029414191419141916,0.0,0.94,15.234763992626375,0.8,31.7,78.40525627794979,12.05,98.13,11.529945799457995,1.3,31.7,0.015115176151761518,0.0,0.99,1.8796875,0.8,5.1,90.805625,79.43,94.58,13.983807588075882,2.4,31.7,9.955867390170413,13.132510646535037,2.0,31.7,10.082091570162195,0.0017653890824622534,0.93,0.003250096786682152,0.95,4.692857142857143,2.5,9.9,1.5447904553758767,4.009375,2.0,9.6,1.2395101143841925,0.054375,0.93,0.05339285714285714,0.94,0.8247754882462293
35,1,10,0,0.74,0.71,0.7,0.76,0.63,0.81,0.72,0.64,0.84,0.67,0.94,0.03,81.34597927042671,15.19855982025672,11.996315409648561,0.8,31.7,80.0026618705036,19.76,97.66,11.96423038982865,1.3,31.7,0.0026675435071182394,0.0,1.0,18.691562915629156,2.4,31.7,0.00027270272702727036,0.0,0.93,12.514068265682656,2.6,31.3,0.003768450184501845,0.0,0.92,10.108756222156867,0.8,31.6,84.85297935103245,20.33,98.26,18.072723979715043,2.0,31.7,0.00022968150473583944,0.0,0.93,11.490408415841582,2.2,31.5,0.0029826732673267327,0.0,0.93,14.804976461688733,0.8,31.7,79.25104231166152,10.96,98.08,11.199864498644986,1.3,31.7,0.01513211382113821,0.0,0.99,1.8531250000000001,0.8,4.9,90.23171875,79.73,94.01,13.751393728222997,2.5,31.7,9.974388563198763,12.920963995354239,2.0,31.7,10.013851127399658,0.001709252806813782,0.91,0.0032520325203252032,0.92,4.607142857142857,2.6,9.5,1.4571384803855836,4.049107142857143,2.2,8.9,1.1486401537496946,0.05312499999999999,0.92,0.05330357142857143,0.93,0.8262684063236502
36,1,10,1,0.74,0.71,0.7,0.76,0.63,0.81,0.72,0.64,0.83,0.66,0.94,0.03,81.33845605061246,15.31842280139009,12.089014310807315,0.8,31.7,79.94576019184652,19.33,97.82,12.047635575365653,1.3,31.7,0.0026675435071182394,0.0,1.0,18.863251132511326,2.5,31.7,0.00027270272702727036,0.0,0.93,12.63494003690037,2.6,31.3,0.003768450184501845,0.0,0.92,10.147450685662625,0.8,31.6,84.96694900969237,20.07,98.26,18.25730142119903,2.1,31.7,0.00022968150473583944,0.0,0.93,11.583725247524752,2.3,31.5,0.0029826732673267327,0.0,0.93,14.855212579226064,0.8,31.7,79.18681458548332,11.05,98.04,11.355030487804878,1.3,31.7,0.01513211382113821,0.0,0.99,1.8890625,0.8,5.1,89.90375,78.88,93.84,14.006010452961673,2.5,31.7,9.927904439570996,13.222522260936895,2.1,31.7,9.95130200730149,0.001709252806813782,0.91,0.0032520325203252032,0.92,4.783482142857143,2.6,10.0,1.5553893689256195,4.190625,2.3,9.6,1.2226477278913404,0.05312499999999999,0.92,0.05330357142857143,0.93,0.8229236138188651
37,1,10,2,0.74,0.72,0.7,0.76,0.64,0.82,0.73,0.65,0.84,0.68,0.94,0.03,81.49907255350654,15.141680957893676,12.160274233738647,0.8,31.7,79.852345323741,19.27,97.81,12.099604203962834,1.3,31.7,0.0026675435071182394,0.0,1.0,18.579020290202905,2.4,31.7,0.00027270272702727036,0.0,0.93,12.50682656826568,2.6,31.3,0.003768450184501845,0.0,0.92,10.178971560522386,0.8,31.6,84.97682680151708,20.03,98.29,17.87697773842425,2.0,31.7,0.00022968150473583944,0.0,0.93,11.407260726072607,2.1,31.5,0.0029826732673267327,0.0,0.93,14.624379961956803,0.8,31.7,79.64736154110767,11.0,98.15,11.055132113821138,1.3,31.7,0.01513211382113821,0.0,0.99,1.825,0.8,4.9,90.3059375,79.63,94.12,13.653590785907861,2.5,31.7,10.015474557980209,12.746070460704606,2.0,31.7,10.049335763604176,0.001709252806813782,0.91,0.0032520325203252032,0.92,4.597321428571428,2.6,9.7,1.5042475469143897,4.006696428571429,2.1,9.2,1.1826120366683908,0.05312499999999999,0.92,0.05330357142857143,0.93,0.8358671604872141
38,1,10,3,0.74,0.72,0.7,0.76,0.64,0.82,0.73,0.65,0.84,0.67,0.94,0.03,81.46082783685557,15.16685651608081,12.113734834765319,0.8,31.7,80.04733333333334,19.21,97.83,12.021320010229804,1.3,31.7,0.0026675435071182394,0.0,1.0,18.62280372803728,2.4,31.7,0.00027270272702727036,0.0,0.93,12.442043357933578,2.5,31.3,0.003768450184501845,0.0,0.92,10.093896023265692,0.8,31.6,85.1418415507796,19.51,98.35,17.948824760524836,2.0,31.7,0.00022968150473583944,0.0,0.93,11.34375,2.1,31.4,0.0029826732673267327,0.0,0.93,14.786460880868972,0.8,31.7,79.27273477812179,10.86,98.13,11.148594173441733,1.3,31.7,0.01513211382113821,0.0,0.99,1.809375,0.8,4.7,90.41203125,80.15,94.34,13.69826751838947,2.4,31.7,9.995534712451466,12.833575300038715,2.0,31.7,10.041031976069295,0.001709252806813782,0.91,0.0032520325203252032,0.92,4.531250000000001,2.5,9.3,1.449293624124722,3.9455357142857146,2.1,8.9,1.1348684940223206,0.05312499999999999,0.92,0.05330357142857143,0.93,0.8342561528308954
39,1,10,4,0.74,0.71,0.7,0.76,0.64,0.82,0.72,0.65,0.84,0.67,0.94,0.03,81.38345268542199,15.206723787346542,12.164920139976307,0.8,31.7,79.92476738609112,19.6,97.64,12.1225816862129,1.3,31.7,0.0026675435071182394,0.0,1.0,18.657344573445734,2.4,31.7,0.00027270272702727036,0.0,0.93,12.508325645756457,2.6,31.4,0.003768450184501845,0.0,0.92,10.230417497195264,0.8,31.6,84.85165191740413,19.89,98.26,17.96347008684608,2.0,31.7,0.00022968150473583944,0.0,0.93,11.423391089108911,2.1,31.4,0.0029826732673267327,0.0,0.93,14.730036500907014,0.8,31.7,79.39292397660819,10.85,98.17,11.141734417344175,1.2,31.7,0.01513211382113821,0.0,0.99,1.8093750000000002,0.8,4.9,90.72390625,80.09,94.44,13.722628726287263,2.6,31.7,10.071004160316646,12.799380565234225,2.0,31.7,10.121281363244204,0.001709252806813782,0.91,0.0032520325203252032,0.92,4.533928571428571,2.7,9.3,1.472276757963942,3.9388392857142853,2.1,9.3,1.2221762246791248,0.05312499999999999,0.92,0.05330357142857143,0.93,0.8300226792947631
40,2,1,0,0.63,0.56,0.66,0.74,0.37,0.53,0.72,0.38,0.53,0.54,0.95,0.03,78.79487006866837,18.875604615921564,13.437142588790941,0.8,31.7,76.45256967406709,18.75,97.3,13.235097740543287,1.3,31.7,0.002637362637362638,0.0,1.0,24.33189798231235,6.1,31.7,0.00027573715419019286,0.0,0.73,18.152360602360602,5.5,31.5,0.003321123321123322,0.0,0.54,10.957469311287564,0.8,31.6,82.79857505285412,17.65,97.74,24.043501449592476,6.1,31.7,0.00017376875809127875,0.0,0.71,17.496497983131647,5.6,31.6,0.003458012467913458,0.0,0.64,18.072106315436038,0.8,31.7,77.16476703755215,10.1,98.39,14.429158993247391,1.1,31.7,0.01480049109883364,0.0,1.0,2.04320987654321,0.8,5.4,81.37550724637683,57.33,93.65,20.807753222836098,6.2,31.7,8.140632388742329,21.08406669297553,6.5,31.7,7.941662274450116,0.002390423572744015,0.68,0.0016653512233622727,0.44,11.023703703703706,5.7,21.5,3.206502823428189,10.976587301587301,6.0,21.3,2.9255387952270318,0.04511111111111111,0.54,0.06198412698412699,0.64,0.6824640979817351
41,2,1,1,0.63,0.56,0.67,0.74,0.38,0.55,0.72,0.39,0.54,0.55,0.94,0.02,78.6154248014003,18.83448616149035,13.365526171020678,0.8,31.7,76.73031176192725,16.99,97.42,13.157283695402505,1.3,31.7,0.002637362637362638,0.0,1.0,24.241778479347538,5.8,31.7,0.00027573715419019286,0.0,0.73,18.029405779405778,5.3,31.5,0.003321123321123322,0.0,0.54,10.916204293696698,0.8,31.7,83.04044820295985,17.01,97.84,23.937576810167204,5.5,31.7,0.00017376875809127875,0.0,0.71,17.359827649431608,5.5,31.6,0.003458012467913458,0.0,0.64,18.2774289551601,0.8,31.7,76.30506954102921,10.52,98.43,14.522268262737878,1.2,31.7,0.01480049109883364,0.0,1.0,2.1641975308641976,0.8,6.1,81.08188405797104,57.95,93.04,20.880561694290975,6.0,31.7,8.240255177694648,20.924940805051303,6.5,31.7,8.08717764621385,0.002390423572744015,0.68,0.0016653512233622727,0.44,11.106666666666667,5.5,21.3,3.395458840972857,10.682142857142857,5.8,20.5,2.897419242240605,0.04511111111111111,0.54,0.06198412698412699,0.64,0.6857084450254438
42,2,1,2,0.64,0.57,0.66,0.74,0.41,0.57,0.72,0.41,0.57,0.55,0.95,0.03,78.9832462636327,18.672326214389017,13.457081136202016,0.8,31.7,76.63771846953235,18.66,97.35,13.256260351309855,1.3,31.7,0.002637362637362638,0.0,1.0,23.900694149312937,5.7,31.7,0.00027573715419019286,0.0,0.73,17.52802197802198,5.1,31.5,0.003321123321123322,0.0,0.54,10.99814288359529,0.8,31.6,82.89542917547568,17.57,97.73,23.60609968455409,5.8,31.7,0.00017376875809127875,0.0,0.71,16.857627429409607,5.2,31.6,0.003458012467913458,0.0,0.64,18.048357040383383,0.8,31.7,77.4333171070932,9.75,98.42,14.401780233271946,1.1,31.7,0.01480049109883364,0.0,1.0,2.065432098765432,0.8,5.5,81.458115942029,56.03,93.85,20.598913443830572,5.8,31.7,8.390343629596503,20.806304262036306,6.1,31.7,8.28921384784096,0.002390423572744015,0.68,0.0016653512233622727,0.44,10.629999999999999,5.4,21.4,3.3148526585880327,10.445238095238095,5.9,21.2,2.994296354337087,0.04511111111111111,0.54,0.06198412698412699,0.64,0.6941299921915217
43,2,1,3,0.64,0.57,0.66,0.74,0.4,0.57,0.72,0.41,0.58,0.55,0.95,0.03,78.9945751985997,18.71376134717649,13.51481436756162,0.8,31.7,76.46153991497403,18.31,97.42,13.264219224120215,1.3,31.7,0.002637362637362638,0.0,1.0,24.007026491004392,5.6,31.7,0.00027573715419019286,0.0,0.73,17.670818070818072,5.1,31.5,0.003321123321123322,0.0,0.54,10.988972758662005,0.8,31.6,82.98997885835095,18.0,97.87,23.667076928687344,5.3,31.7,0.00017376875809127875,0.0,0.71,16.913788045471215,5.3,31.6,0.003458012467913458,0.0,0.64,18.024156771771313,0.8,31.7,77.50800417246175,10.38,98.41,14.424938612645796,1.1,31.7,0.01480049109883364,0.0,1.0,2.074074074074074,0.8,5.5,81.72913043478262,57.53,93.51,20.516132596685082,5.9,31.7,8.398274802937767,20.638871349644827,6.0,31.7,8.29428075249967,0.002390423572744015,0.68,0.0016653512233622727,0.44,10.47888888888889,5.4,20.1,3.187725107035532,10.177380952380954,5.7,19.7,2.75152271798248,0.04511111111111111,0.54,0.06198412698412699,0.64,0.6925975976087296
44,2,1,4,0.63,0.56,0.67,0.74,0.38,0.53,0.72,0.38,0.53,0.55,0.95,0.03,78.92048875723711,18.716997153239987,13.274285177581882,0.8,31.7,76.67894662257913,17.54,97.37,13.083481425065582,1.3,31.7,0.002637362637362638,0.0,1.0,24.16898842409892,6.1,31.7,0.00027573715419019286,0.0,0.73,18.0538665038665,5.5,31.5,0.003321123321123322,0.0,0.54,10.85530503545404,0.8,31.7,82.88726427061312,17.04,97.79,23.878895209962984,6.1,31.7,0.00017376875809127875,0.0,0.71,17.41941694169417,5.5,31.6,0.003458012467913458,0.0,0.64,17.87749305576753,0.8,31.7,77.25826842837274,10.09,98.34,14.286694290976058,1.1,31.7,0.01480049109883364,0.0,1.0,2.1012345679012343,0.8,5.6,81.01420289855074,55.87,93.27,20.79569981583794,6.1,31.7,8.08221741940252,20.903571428571425,6.4,31.7,7.890034668571453,0.002390423572744015,0.68,0.0016653512233622727,0.44,11.188888888888888,5.7,21.4,3.3071116785377823,10.865873015873017,6.0,21.3,2.90651055441446,0.04511111111111111,0.54,0.06198412698412699,0.64,0.6840677607523072
45,2,2,0,0.66,0.6,0.68,0.75,0.46,0.65,0.73,0.48,0.65,0.54,0.95,0.03,79.72970916924734,18.007969924476672,12.59995035489541,0.8,31.7,77.80537080774681,19.45,97.49,12.50724924140766,1.3,31.7,0.002631197185652631,0.0,1.0,23.09825906138061,4.9,31.7,0.00029567117964908023,0.0,0.81,15.700366300366301,4.2,31.4,0.0032356532356532363,0.0,0.75,10.417722663355445,0.8,31.6,83.43576744186046,18.66,97.92,22.664163156647152,4.1,31.7,0.00014951771420235944,0.0,0.88,14.809350935093509,3.6,31.5,0.003557022368903557,0.0,0.78,18.274523060956625,0.8,31.7,78.00158553546592,9.42,98.34,14.560850214855739,1.2,31.7,0.014914057704112952,0.0,1.0,2.049382716049383,0.8,5.6,83.77434782608694,61.4,93.99,19.42073664825046,4.9,31.7,9.319728130281407,20.488308997632206,4.8,31.7,9.333019501776612,0.0025303867403314913,0.79,0.001477900552486188,0.63,7.968148148148146,4.7,18.1,2.539033115821318,9.650396825396824,4.6,25.6,4.302772251569773,0.049185185185185186,0.75,0.0669047619047619,0.78,0.7196410560845915
46,2,2,1,0.66,0.6,0.67,0.74,0.48,0.66,0.72,0.49,0.66,0.55,0.94,0.02,79.33340514339572,18.076076845794365,12.958173328503,0.8,31.7,76.9114501653283,19.23,97.15,12.831434132424231,1.4,31.7,0.002631197185652631,0.0,1.0,23.064873616254836,4.8,31.7,0.00029567117964908023,0.0,0.81,15.793589743589743,4.3,31.4,0.0032356532356532363,0.0,0.75,10.649534359376531,0.8,31.6,83.03368287526426,18.44,97.7,22.61367767992269,4.1,31.7,0.00014951771420235944,0.0,0.88,14.917400073340668,3.7,31.6,0.003557022368903557,0.0,0.78,18.09622493208388,0.8,31.7,77.97241655076495,8.84,98.33,14.476381215469612,1.2,31.7,0.014914057704112952,0.0,1.0,2.144444444444445,0.8,5.8,83.54101449275362,61.96,93.72,19.520340699815836,4.9,31.7,9.287631712687398,20.050325572217837,4.6,31.7,9.306424670439656,0.0025303867403314913,0.79,0.001477900552486188,0.63,8.157407407407407,4.7,18.4,2.7584349999291295,8.857936507936508,4.8,21.1,3.4124155475241627,0.049185185185185186,0.75,0.0669047619047619,0.78,0.7197941862278974
47,2,2,2,0.67,0.61,0.68,0.75,0.49,0.67,0.73,0.5,0.69,0.55,0.95,0.03,79.83571832503031,17.897084105980202,12.749423714258876,0.8,31.7,77.60871988663203,18.71,97.38,12.626627497914626,1.4,31.7,0.002631197185652631,0.0,1.0,22.87432912391476,4.7,31.7,0.00029567117964908023,0.0,0.81,15.464672364672367,4.1,31.4,0.0032356532356532363,0.0,0.75,10.483911163393568,0.8,31.6,83.5266934460888,18.39,97.85,22.381561913097386,3.9,31.7,0.00014951771420235944,0.0,0.88,14.520773744041072,3.6,31.5,0.003557022368903557,0.0,0.78,18.071321846097497,0.8,31.7,78.32962100139082,9.36,98.39,14.438842848373234,1.2,31.7,0.014914057704112952,0.0,1.0,2.0555555555555554,0.8,5.4,84.42898550724637,63.22,94.44,19.39453959484346,4.8,31.7,9.392001152767646,19.841929755327545,4.5,31.7,9.416737583162263,0.0025303867403314913,0.79,0.001477900552486188,0.63,7.9762962962962956,4.5,19.8,2.8325281838330407,8.521428571428574,4.5,21.0,3.3069697236041438,0.049185185185185186,0.75,0.0669047619047619,0.78,0.7294161399243404
48,2,2,3,0.66,0.59,0.67,0.74,0.45,0.63,0.73,0.47,0.64,0.55,0.94,0.02,79.52432610744582,18.119730957204933,12.883091145728509,0.8,31.7,77.24034010392063,19.2,97.28,12.763527726399012,1.4,31.7,0.002631197185652631,0.0,1.0,23.226038188331003,4.9,31.7,0.00029567117964908023,0.0,0.81,16.028449328449327,4.5,31.4,0.0032356532356532363,0.0,0.75,10.633458593384091,0.8,31.7,83.26480338266386,18.05,97.76,22.732696059661215,4.3,31.7,0.00014951771420235944,0.0,0.88,15.10049504950495,4.0,31.6,0.003557022368903557,0.0,0.78,18.07766628002808,0.8,31.7,78.03755910987483,9.24,98.33,14.44158993247391,1.2,31.7,0.014914057704112952,0.0,1.0,2.114814814814815,0.8,5.8,83.3636231884058,61.31,93.77,19.561906077348066,4.9,31.7,9.172457022071537,20.035625493291242,5.0,31.7,9.247788327685026,0.0025303867403314913,0.79,0.001477900552486188,0.63,8.425925925925926,4.8,19.8,2.891301461740228,8.856746031746033,4.7,21.6,3.362065769298309,0.049185185185185186,0.75,0.0669047619047619,0.78,0.7138275176992587
49,2,2,4,0.66,0.59,0.68,0.75,0.45,0.64,0.73,0.47,0.64,0.55,0.95,0.03,79.60763834657331,18.052754599920384,12.746145795596346,0.8,31.7,77.37514407179971,19.7,97.31,12.582497370616181,1.3,31.7,0.002631197185652631,0.0,1.0,23.21806660190638,4.9,31.7,0.00029567117964908023,0.0,0.81,15.960927960927961,4.5,31.4,0.0032356532356532363,0.0,0.75,10.446667538040934,0.8,31.6,83.45244397463001,18.24,97.81,22.71054738070492,4.4,31.7,0.00014951771420235944,0.0,0.88,14.983406674000733,3.9,31.5,0.003557022368903557,0.0,0.78,18.112374469643786,0.8,31.7,77.99296940194716,8.97,98.34,14.45682934315531,1.2,31.7,0.014914057704112952,0.0,1.0,2.077777777777778,0.8,5.5,83.62231884057971,61.39,93.9,19.68929097605893,5.0,31.7,9.191131748169111,20.02395422257301,4.9,31.7,9.232942547717887,0.0025303867403314913,0.79,0.001477900552486188,0.63,8.514444444444443,4.8,19.1,3.0236191624452595,8.797619047619047,4.7,21.2,3.3187051473240707,0.049185185185185186,0.75,0.0669047619047619,0.78,0.7150759005641597
50,2,5,0,0.65,0.58,0.67,0.74,0.44,0.6,0.72,0.45,0.6,0.54,0.95,0.03,79.28254476908576,18.429323858257444,12.94556481369668,0.8,31.7,77.50192253188474,19.73,97.45,12.857283695402508,1.3,31.7,0.0026094367678526098,0.0,1.0,23.641507295650943,5.8,31.7,0.00029172484973589947,0.0,0.74,16.85034595034595,5.0,31.4,0.0036345136345136346,0.0,0.67,10.76072607260726,0.8,31.7,83.25381395348836,19.46,97.8,23.28698648870412,5.4,31.7,0.00017139835530514377,0.0,0.65,16.117638430509718,5.2,31.6,0.0026035936927026036,0.0,0.56,18.31952931839687,0.8,31.7,77.23535813630042,10.24,98.39,14.56488643339472,1.1,31.7,0.014907918968692447,0.0,1.0,2.065432098765432,0.8,5.5,83.12652173913042,59.12,93.94,20.023213627992636,5.9,31.7,8.662792400675384,20.73091949486977,5.9,31.7,8.558610605252175,0.002274401473296501,0.65,0.0014917127071823204,0.52,9.437037037037038,5.3,19.2,2.42854142296826,10.192857142857145,5.7,19.9,2.6792909086627064,0.05474074074074074,0.67,0.04698412698412699,0.56,0.7041011681657813
51,2,5,1,0.63,0.56,0.67,0.74,0.4,0.55,0.72,0.38,0.54,0.53,0.95,0.03,79.12980880570889,18.78862254950608,12.94420158595983,0.8,31.7,77.37798771846954,20.05,97.36,12.83119537228448,1.4,31.7,0.0026094367678526098,0.0,1.0,24.256696112359094,6.1,31.7,0.00029172484973589947,0.0,0.74,17.664224664224662,5.7,31.4,0.0036345136345136346,0.0,0.67,10.748884096330425,0.8,31.6,83.01327695560255,19.28,97.79,24.114328173148806,5.8,31.7,0.00017139835530514377,0.0,0.65,17.178162816281628,5.8,31.6,0.0026035936927026036,0.0,0.56,18.424945819724677,0.8,31.7,77.1439986091794,10.21,98.38,14.724815837937385,1.1,31.7,0.014907918968692447,0.0,1.0,2.0456790123456794,0.8,5.6,82.5413043478261,58.59,93.87,20.618434622467774,6.1,31.7,8.340034411011095,21.665548539857934,6.4,31.7,8.00224397266654,0.002274401473296501,0.65,0.0014917127071823204,0.52,10.138148148148149,5.8,19.3,2.375567826135605,11.530158730158732,6.7,22.1,2.893226074412762,0.05474074074074074,0.67,0.04698412698412699,0.56,0.6875463037564326
52,2,5,2,0.64,0.57,0.67,0.74,0.4,0.56,0.72,0.4,0.56,0.55,0.95,0.03,79.57003904672142,18.630965679425607,13.10470286734023,0.8,31.7,77.55266887104393,18.7,97.52,12.926111292447928,1.3,31.7,0.0026094367678526098,0.0,1.0,24.05713476210714,6.1,31.7,0.00029172484973589947,0.0,0.74,17.63103378103378,5.6,31.5,0.0036345136345136346,0.0,0.67,10.774872833818035,0.8,31.6,83.33454968287528,19.33,97.88,23.801397625950436,5.7,31.7,0.00017139835530514377,0.0,0.65,17.047799779978,5.5,31.6,0.0026035936927026036,0.0,0.56,17.969560605598115,0.8,31.7,77.87961752433937,10.41,98.38,14.295058317986493,1.1,31.7,0.014907918968692447,0.0,1.0,2.082716049382716,0.8,5.8,82.8940579710145,57.9,94.0,20.252394106813995,6.1,31.7,8.20322886926314,21.32162588792423,6.2,31.7,7.9667714586825165,0.002274401473296501,0.65,0.0014917127071823204,0.52,10.009629629629629,5.6,19.8,2.4083765570615334,11.300396825396824,6.1,21.8,2.9358957695248193,0.05474074074074074,0.67,0.04698412698412699,0.56,0.6902640436099865
53,2,5,3,0.65,0.58,0.67,0.74,0.44,0.6,0.72,0.45,0.6,0.54,0.95,0.03,79.32386023966608,18.405050573756508,12.97978907539347,0.8,31.7,77.45217288615966,18.97,97.46,12.815718879580265,1.3,31.7,0.0026094367678526098,0.0,1.0,23.59140256612632,6.0,31.7,0.00029172484973589947,0.0,0.74,16.70893365893366,5.3,31.4,0.0036345136345136346,0.0,0.67,10.669769848271958,0.8,31.6,83.23238900634249,19.43,97.8,23.301710336779536,5.6,31.7,0.00017139835530514377,0.0,0.65,16.07999633296663,5.6,31.6,0.0026035936927026036,0.0,0.56,18.31037514117396,0.8,31.7,77.38036161335188,10.09,98.38,14.516774094536526,1.1,31.7,0.014907918968692447,0.0,1.0,1.9962962962962965,0.8,5.3,83.79043478260868,61.05,94.17,20.022044198895028,6.0,31.7,8.688062143762808,20.736986977111282,6.1,31.7,8.481338581963243,0.002274401473296501,0.65,0.0014917127071823204,0.52,9.344444444444445,5.6,18.7,2.4515804929841174,10.30952380952381,6.1,19.3,2.5577901105120233,0.05474074074074074,0.67,0.04698412698412699,0.56,0.701772236666247
54,2,5,4,0.65,0.59,0.68,0.75,0.44,0.6,0.73,0.45,0.62,0.54,0.95,0.03,79.70928234818905,18.256151867342993,12.79724670933462,0.8,31.7,77.83077468115259,18.63,97.68,12.662865242568214,1.3,31.7,0.0026094367678526098,0.0,1.0,23.489934329022724,5.6,31.7,0.00029172484973589947,0.0,0.74,16.531603581603584,5.0,31.5,0.0036345136345136346,0.0,0.67,10.58215316581163,0.8,31.7,83.73998731501058,19.61,98.0,23.09773763287931,5.1,31.7,0.00017139835530514377,0.0,0.65,15.749651631829849,5.0,31.5,0.0026035936927026036,0.0,0.56,18.16960562864381,0.8,31.7,77.68395340751043,9.66,98.45,14.413367096378147,1.1,31.7,0.014907918968692447,0.0,1.0,1.9716049382716054,0.8,5.4,83.60826086956521,60.92,94.08,20.207311233885818,5.7,31.7,8.678781195927218,20.303966061562747,5.6,31.7,8.652673057631254,0.002274401473296501,0.65,0.0014917127071823204,0.52,9.671111111111111,5.3,19.7,2.8484399022172138,9.474603174603176,5.5,17.5,2.3490098051629813,0.05474074074074074,0.67,0.04698412698412699,0.56,0.710398383880253
55,2,10,0,0.66,0.6,0.68,0.74,0.44,0.63,0.72,0.46,0.64,0.56,0.94,0.03,79.50616803554598,17.87534346778411,12.663518898683735,0.8,31.7,77.58895606991025,18.07,97.33,12.623489162103024,1.4,31.7,0.002614997763512615,0.0,1.0,22.924328112035294,4.7,31.7,0.0002720943881164876,0.0,0.81,16.15870980870981,4.5,31.5,0.003158323158323158,0.0,0.73,10.500746114215382,0.8,31.6,83.31349682875263,17.77,97.74,22.48462018853819,4.4,31.7,0.00015416735043670112,0.0,0.88,15.388118811881188,4.1,31.6,0.0035716905023835716,0.0,0.77,17.670401544519397,0.8,31.7,77.69981919332406,10.35,98.23,14.09815837937385,1.2,31.7,0.014815837937384897,0.0,1.0,2.1222222222222227,0.8,5.4,83.12159420289854,60.27,93.75,19.305902394106816,5.0,31.7,9.040532178352178,19.766426598263614,5.0,31.7,9.059777827675351,0.002578268876611418,0.8,0.0014976322020520915,0.64,8.604814814814816,4.6,19.2,3.1510161445927602,9.028571428571428,4.9,21.9,3.5421802348732245,0.04733333333333334,0.73,0.0680952380952381,0.77,0.7215899233138708
56,2,10,1,0.67,0.61,0.68,0.74,0.44,0.63,0.73,0.46,0.64,0.57,0.95,0.03,80.05631749023833,17.701426390680737,12.558020367910478,0.8,31.7,77.83514407179972,19.08,97.52,12.534212816886086,1.4,31.7,0.002614997763512615,0.0,1.0,22.77403264323154,4.8,31.7,0.0002720943881164876,0.0,0.81,16.070512820512818,4.3,31.5,0.003158323158323158,0.0,0.73,10.476849764184339,0.8,31.6,83.5780422832981,18.63,97.88,22.321467644001974,4.2,31.7,0.00015416735043670112,0.0,0.88,15.302108544187753,3.9,31.5,0.0035716905023835716,0.0,0.77,17.191814199810747,0.8,31.7,78.70907162726009,10.39,98.26,13.787599754450582,1.2,31.7,0.014815837937384897,0.0,1.0,2.0641975308641975,0.8,5.3,83.6508695652174,60.97,93.85,19.144438305709023,5.0,31.7,8.849467599938611,19.37015588003157,4.9,31.7,8.827814788820012,0.002578268876611418,0.8,0.0014976322020520915,0.64,8.637037037037038,4.5,18.7,3.1294003860813393,8.717857142857142,4.8,19.9,3.047578822279177,0.04733333333333334,0.73,0.0680952380952381,0.77,0.727121458521153
57,2,10,2,0.67,0.61,0.68,0.75,0.46,0.65,0.73,0.48,0.66,0.57,0.95,0.03,80.05580988285983,17.644857489164362,12.580675978478178,0.8,31.7,77.96105337742088,18.71,97.46,12.514592173503065,1.4,31.7,0.002614997763512615,0.0,1.0,22.635813955841577,4.8,31.7,0.0002720943881164876,0.0,0.81,15.89798534798535,4.3,31.5,0.003158323158323158,0.0,0.73,10.395749872016907,0.8,31.6,83.6362114164905,18.0,97.86,22.179554364276203,4.0,31.7,0.00015416735043670112,0.0,0.88,15.103281994866155,3.7,31.6,0.0035716905023835716,0.0,0.77,17.329784652483134,0.8,31.7,78.56775730180807,10.03,98.31,13.875306936771025,1.2,31.7,0.014815837937384897,0.0,1.0,2.1037037037037036,0.8,5.4,83.6295652173913,60.66,93.68,19.220368324125232,4.9,31.7,9.01728938114476,19.3044001578532,4.8,31.7,8.975961955695155,0.002578268876611418,0.8,0.0014976322020520915,0.64,8.608518518518519,4.5,19.7,3.3727505026848292,8.582539682539684,4.6,20.4,3.209251986354041,0.04733333333333334,0.73,0.0680952380952381,0.77,0.7305811030431798
58,2,10,3,0.66,0.6,0.68,0.75,0.43,0.62,0.73,0.45,0.63,0.57,0.95,0.03,80.05315066648714,17.701365508151678,12.515320210924607,0.8,31.7,77.92863486065187,18.63,97.4,12.471068920078821,1.3,31.7,0.002614997763512615,0.0,1.0,22.845088843017017,4.9,31.7,0.0002720943881164876,0.0,0.81,16.233638583638584,4.4,31.5,0.003158323158323158,0.0,0.73,10.387996819483929,0.8,31.6,83.58071035940803,16.79,97.81,22.409564575242054,4.4,31.7,0.00015416735043670112,0.0,0.88,15.513733039970663,4.1,31.6,0.0035716905023835716,0.0,0.77,17.09602194682702,0.8,31.7,78.63074756606397,10.13,98.3,13.627823818293432,1.2,31.7,0.014815837937384897,0.0,1.0,2.0592592592592593,0.8,5.3,83.61478260869565,61.22,93.65,19.074788213627993,4.9,31.7,8.764388417282493,19.530939226519333,5.0,31.7,8.673844583560602,0.002578268876611418,0.8,0.0014976322020520915,0.64,8.74,4.9,20.6,3.324336748107029,9.053174603174604,4.9,21.4,3.330431749215167,0.04733333333333334,0.73,0.0680952380952381,0.77,0.7199909159327219
59,2,10,4,0.66,0.6,0.68,0.74,0.43,0.61,0.73,0.44,0.62,0.56,0.95,0.03,79.77113100848256,17.94673202432179,12.56481772196058,0.8,31.7,77.93723193197921,20.11,97.3,12.537383188868338,1.4,31.7,0.002614997763512615,0.0,1.0,23.098315726630645,4.9,31.7,0.0002720943881164876,0.0,0.81,16.39985754985755,4.6,31.4,0.003158323158323158,0.0,0.73,10.485206243396618,0.8,31.6,83.45793657505286,17.19,97.77,22.73440320551392,4.4,31.7,0.00015416735043670112,0.0,0.88,15.737403740374035,4.1,31.6,0.0035716905023835716,0.0,0.77,17.628108879460335,0.8,31.7,78.00321627260084,9.97,98.29,14.147360343769183,1.2,31.7,0.014815837937384897,0.0,1.0,2.0864197530864197,0.8,5.4,83.35942028985508,60.05,93.71,19.29063535911602,5.1,31.7,8.956736292349095,19.91083267561168,5.2,31.7,8.845086517518597,0.002578268876611418,0.8,0.0014976322020520915,0.64,8.652222222222221,4.9,19.4,3.0373439095188672,9.303968253968256,5.2,21.2,3.251944492625785,0.04733333333333334,0.73,0.0680952380952381,0.77,0.7178649008468286
60,3,1,0,0.64,0.57,0.68,0.75,0.4,0.53,0.73,0.41,0.53,0.54,0.9,0.02,79.33842522861754,18.604445067563958,12.930076882824137,0.8,31.7,77.71473783656117,18.46,97.93,12.763379030210714,1.3,31.7,0.00261983341191262,0.0,1.0,24.124230465666933,6.6,31.7,0.0002802906117823245,0.0,0.64,18.63247252747253,6.6,31.4,0.003838827838827839,0.0,0.48,10.63185308629873,0.8,31.6,83.77599577167018,18.63,98.17,23.818450850609924,6.0,31.7,0.000165016501650165,0.0,0.56,18.00351485148515,6.7,31.5,0.003376237623762376,0.0,0.53,17.947956411586947,0.8,31.7,76.97576147426982,9.94,98.09,15.489226519337016,1.3,31.7,0.013182320441988951,0.0,0.99,3.236,0.8,8.0,75.97320512820515,51.07,92.88,20.798103130755063,6.6,31.7,7.970069822559442,21.6292225730071,6.5,31.7,7.873269120325367,0.0022265193370165745,0.58,0.0015627466456195737,0.39,11.408666666666667,7.0,19.5,2.33397905350974,12.330714285714285,7.0,24.8,3.2612201141065382,0.051000000000000004,0.48,0.05721428571428571,0.53,0.6913728540932484
61,3,1,1,0.63,0.57,0.68,0.75,0.38,0.52,0.73,0.4,0.51,0.54,0.88,0.02,78.84345212479826,18.70134304509605,12.99834426867394,0.8,31.7,77.63680207841284,16.71,97.94,12.792983474171592,1.3,31.7,0.00261983341191262,0.0,1.0,24.236074514803796,6.4,31.7,0.0002802906117823245,0.0,0.64,19.231684981684985,6.5,31.5,0.003838827838827839,0.0,0.48,10.626156477033842,0.8,31.6,83.93073995771671,18.59,98.24,23.899602957533325,6.1,31.7,0.000165016501650165,0.0,0.56,18.560082508250826,7.0,31.5,0.003376237623762376,0.0,0.53,18.148695094777327,0.8,31.7,75.71536509040334,10.15,98.0,16.135635359116023,1.4,31.7,0.013182320441988951,0.0,0.99,4.048000000000001,0.8,11.9,72.68217948717948,42.14,92.1,21.029834254143648,6.4,31.7,7.882332937169108,21.097938042620363,6.4,31.7,7.963040530689195,0.0022265193370165745,0.58,0.0015627466456195737,0.39,12.458333333333334,6.8,21.7,3.078153757620882,11.742142857142857,7.0,21.6,3.0495331693589445,0.051000000000000004,0.48,0.05721428571428571,0.53,0.6905763805098708
62,3,1,2,0.62,0.55,0.67,0.74,0.35,0.47,0.72,0.35,0.46,0.55,0.89,0.02,79.14776223776224,18.954779104132175,13.106223080948356,0.8,31.7,77.39860651865848,18.79,97.85,12.946049275257195,1.3,31.7,0.00261983341191262,0.0,1.0,24.767804019185235,7.0,31.7,0.0002802906117823245,0.0,0.64,19.59602564102564,7.2,31.4,0.003838827838827839,0.0,0.48,10.804185864130968,0.8,31.6,83.44821141649048,18.64,98.12,24.49469895884616,6.8,31.7,0.000165016501650165,0.0,0.56,19.03587458745875,7.5,31.5,0.003376237623762376,0.0,0.53,17.71279722841183,0.8,31.7,77.03295897079276,9.78,97.97,15.407002762430938,1.4,31.7,0.013182320441988951,0.0,0.99,3.408,0.8,8.6,74.20641025641025,49.81,92.33,21.551841620626153,7.0,31.7,7.2993091903491525,22.27265193370166,7.3,31.7,7.260729338057101,0.0022265193370165745,0.58,0.0015627466456195737,0.39,12.726666666666667,7.6,20.5,2.553420364052021,13.277857142857144,7.7,25.0,3.3190159440314075,0.051000000000000004,0.48,0.05721428571428571,0.53,0.6655033360475568
63,3,1,3,0.61,0.53,0.67,0.74,0.31,0.45,0.73,0.31,0.44,0.54,0.89,0.02,78.74127756858526,19.306715559294272,13.074270418226462,0.8,31.7,77.38478507321682,17.79,97.86,12.89965606450755,1.3,31.7,0.00261983341191262,0.0,1.0,25.33562827595977,7.4,31.7,0.0002802906117823245,0.0,0.64,20.003736263736265,7.6,31.4,0.003838827838827839,0.0,0.48,10.711174285745408,0.8,31.6,83.45087949260044,18.18,98.19,25.11656045438798,6.6,31.7,0.000165016501650165,0.0,0.56,19.499224422442246,7.3,31.5,0.003376237623762376,0.0,0.53,18.303975763865573,0.8,31.7,75.99487134909597,10.05,98.0,15.920138121546962,1.4,31.7,0.013182320441988951,0.0,0.99,3.5329999999999995,0.8,8.7,74.02525641025643,48.38,92.34,21.882182320441988,7.4,31.7,7.407063488890422,22.683711523283343,7.3,31.7,7.3017607750183995,0.0022265193370165745,0.58,0.0015627466456195737,0.39,12.654,7.6,21.0,2.462102895223241,13.516785714285714,7.5,25.0,3.251104816137155,0.051000000000000004,0.48,0.05721428571428571,0.53,0.6601381018670935
64,3,1,4,0.62,0.55,0.68,0.75,0.36,0.48,0.73,0.36,0.48,0.54,0.88,0.02,79.03694862829478,18.87406609962791,13.004649196956889,0.8,31.7,77.40487482286254,17.28,97.95,12.803562059502655,1.3,31.7,0.00261983341191262,0.0,1.0,24.597546192297575,6.6,31.7,0.0002802906117823245,0.0,0.64,19.63967032967033,6.6,31.5,0.003838827838827839,0.0,0.48,10.638693374287925,0.8,31.6,83.70224101479916,18.64,98.21,24.29341255948799,5.9,31.7,0.000165016501650165,0.0,0.56,18.990214521452145,6.7,31.5,0.003376237623762376,0.0,0.53,18.05897561124508,0.8,31.7,76.58445410292072,9.79,97.93,16.264640883977904,1.4,31.7,0.013182320441988951,0.0,0.99,4.133,0.8,12.6,72.30692307692307,41.52,91.87,21.353305709023942,6.6,31.7,7.737805896065059,21.539483030781373,6.6,31.7,7.732828692701976,0.0022265193370165745,0.58,0.0015627466456195737,0.39,12.884666666666668,6.8,22.6,3.1664435710886893,12.280000000000001,6.9,22.3,3.122423509299879,0.051000000000000004,0.48,0.05721428571428571,0.53,0.6763877720097908
65,3,2,0,0.67,0.62,0.69,0.76,0.51,0.66,0.74,0.53,0.67,0.54,0.88,0.02,79.64853146853146,17.768266637291035,12.509731782259253,0.8,31.7,78.23894662257912,18.99,97.8,12.368313809402917,1.3,31.7,0.002602304186462602,0.0,1.0,22.60925009612855,4.6,31.7,0.0002895999028595713,0.0,0.91,16.36368131868132,4.9,31.4,0.004989010989010989,0.0,0.76,10.282228321842085,0.8,31.6,84.09589852008456,18.14,98.19,22.227331655817515,3.9,31.7,0.0001538026730849881,0.0,0.87,15.650247524752475,3.9,31.4,0.0034389438943894395,0.0,0.78,18.31477595311499,0.8,31.7,77.15416203059804,8.88,97.62,16.09164364640884,1.5,31.7,0.013375690607734808,0.0,0.98,3.3539999999999996,0.8,7.0,75.03153846153846,54.39,90.69,19.372863720073664,4.8,31.7,9.316344639098881,20.40851420678769,4.8,31.7,9.419863557503602,0.0024162062615101293,0.82,0.001639700078926598,0.7,8.989666666666665,5.1,15.9,2.3010997129392043,10.435357142857143,4.8,25.8,4.060832059480682,0.07300000000000001,0.76,0.06385714285714285,0.78,0.7378241027719983
66,3,2,1,0.68,0.62,0.68,0.75,0.54,0.69,0.73,0.55,0.71,0.54,0.89,0.02,79.53822485207101,17.6516152147982,12.686024232178077,0.8,31.7,77.73236183278225,19.48,97.6,12.53119597674053,1.3,31.7,0.002602304186462602,0.0,1.0,22.350855038147856,4.0,31.7,0.0002895999028595713,0.0,0.91,15.819725274725275,4.4,31.4,0.004989010989010989,0.0,0.76,10.388587175549238,0.8,31.6,83.81735306553911,18.05,98.04,21.934411866601025,3.5,31.7,0.0001538026730849881,0.0,0.87,15.043597359735973,3.6,31.5,0.0034389438943894395,0.0,0.78,18.083015628338575,0.8,31.7,77.43818150208622,8.37,97.62,15.7703591160221,1.4,31.7,0.013375690607734808,0.0,0.98,3.2370000000000005,0.8,6.7,76.23820512820512,55.65,90.83,19.055432780847145,4.6,31.7,9.480280442162888,19.73909826361484,4.5,31.7,9.534490702683751,0.0024162062615101293,0.82,0.001639700078926598,0.7,8.409666666666665,4.8,16.4,2.29206018439501,9.37892857142857,4.5,21.8,3.409967363988897,0.07300000000000001,0.76,0.06385714285714285,0.78,0.7408204387264321
67,3,2,2,0.68,0.62,0.69,0.76,0.52,0.67,0.74,0.54,0.68,0.54,0.88,0.02,79.61867132867133,17.666852155993517,12.601345784862268,0.8,31.7,77.97687293339632,18.47,97.68,12.457828310303558,1.3,31.7,0.002602304186462602,0.0,1.0,22.419402282800075,4.1,31.7,0.0002895999028595713,0.0,0.91,16.372124542124542,4.7,31.4,0.004989010989010989,0.0,0.76,10.332380267729743,0.8,31.6,83.95037209302326,17.96,98.1,22.014771256131137,3.5,31.7,0.0001538026730849881,0.0,0.87,15.638118811881187,3.6,31.4,0.0034389438943894395,0.0,0.78,18.057679863252037,0.8,31.7,77.41227746870655,8.96,97.59,16.156215469613258,1.5,31.7,0.013375690607734808,0.0,0.98,3.568,0.8,7.6,74.19307692307692,49.88,90.38,19.214180478821362,4.6,31.7,9.399400162115386,19.956758089976322,4.7,31.7,9.421332560155209,0.0024162062615101293,0.82,0.001639700078926598,0.7,8.976333333333333,4.9,16.6,2.4811435311610293,9.881785714285714,4.6,22.6,3.532480465592969,0.07300000000000001,0.76,0.06385714285714285,0.78,0.7434700096801038
68,3,2,3,0.68,0.63,0.69,0.75,0.54,0.69,0.73,0.55,0.71,0.55,0.89,0.02,79.71832033351264,17.632888581779984,12.677944155966134,0.8,31.7,78.02383089277279,18.93,97.73,12.55814141853746,1.4,31.7,0.002602304186462602,0.0,1.0,22.28286736283974,4.0,31.7,0.0002895999028595713,0.0,0.91,15.785238095238096,4.4,31.4,0.004989010989010989,0.0,0.76,10.50294524501955,0.8,31.7,83.99383086680761,18.64,98.11,21.882806830406793,3.5,31.7,0.0001538026730849881,0.0,0.87,15.021039603960396,3.5,31.4,0.0034389438943894395,0.0,0.78,18.040645889930104,0.8,31.7,77.53971488178024,8.39,97.68,15.694613259668508,1.4,31.7,0.013375690607734808,0.0,0.98,3.236,0.8,6.7,76.40192307692308,55.63,91.04,18.955672191528542,4.5,31.7,9.492089759921434,19.637628255722177,4.6,31.7,9.513921219949577,0.0024162062615101293,0.82,0.001639700078926598,0.7,8.384333333333334,4.7,16.0,2.299403086793517,9.253928571428572,4.4,21.3,3.3200772788829935,0.07300000000000001,0.76,0.06385714285714285,0.78,0.7444281104128244
69,3,2,4,0.68,0.63,0.69,0.76,0.56,0.72,0.74,0.57,0.73,0.55,0.9,0.02,79.95796799354491,17.406531293952177,12.456471977351097,0.8,31.7,78.34135096835143,19.36,97.81,12.278897230382377,1.3,31.7,0.002602304186462602,0.0,1.0,22.04529071297027,3.5,31.7,0.0002895999028595713,0.0,0.91,15.25452380952381,4.1,31.4,0.004989010989010989,0.0,0.76,10.20983999390038,0.8,31.6,84.25955602536997,18.16,98.18,21.604005069015187,3.1,31.7,0.0001538026730849881,0.0,0.87,14.412508250825082,3.2,31.5,0.0034389438943894395,0.0,0.78,18.053503403437013,0.8,31.7,77.6724026425591,8.53,97.78,15.58653314917127,1.4,31.7,0.013375690607734808,0.0,0.98,3.1060000000000003,0.8,6.4,77.68115384615383,57.17,91.81,18.533922651933704,4.2,31.7,9.758378101730724,19.338772691397004,4.1,31.7,9.761249770036356,0.0024162062615101293,0.82,0.001639700078926598,0.7,7.621333333333333,4.5,16.4,2.1362611159583365,8.633571428571427,4.1,20.9,3.1879261219770565,0.07300000000000001,0.76,0.06385714285714285,0.78,0.751870046293905
70,3,5,0,0.64,0.57,0.67,0.74,0.4,0.52,0.72,0.39,0.52,0.55,0.91,0.02,79.43333378160301,18.55203659936976,12.799154691462386,0.8,31.7,78.04033538025509,18.42,97.81,12.757261330528657,1.3,31.7,0.0026013370567826016,0.0,1.0,24.029504381438088,6.6,31.7,0.0002790763564244227,0.0,0.7,18.38591575091575,6.5,31.4,0.004267399267399267,0.0,0.62,10.705578973738957,0.8,31.7,83.59389852008457,19.24,98.09,23.797626406287037,6.5,31.7,0.00015380267308498806,0.0,0.56,17.973184818481847,6.8,31.5,0.0030264026402640263,0.0,0.55,17.827772351271324,0.8,31.7,77.13180111265646,9.55,97.9,15.144198895027625,1.4,31.7,0.013248618784530387,0.0,0.99,2.9330000000000007,0.8,6.7,75.9519230769231,53.3,93.19,20.772504604051566,6.6,31.7,7.790327086911393,21.791525256511445,6.7,31.7,7.670004705363702,0.002208103130755064,0.61,0.0014423835832675612,0.47,11.380666666666668,6.9,20.3,2.3445453480128915,12.662142857142857,7.1,24.7,3.2395318854326303,0.05966666666666666,0.62,0.051428571428571435,0.55,0.690534685432957
71,3,5,1,0.62,0.55,0.68,0.74,0.37,0.5,0.73,0.35,0.49,0.53,0.9,0.02,79.17316164604627,18.897647501290745,12.767485140012614,0.8,31.7,78.06105810108643,19.52,97.81,12.691830776484242,1.3,31.7,0.0026013370567826016,0.0,1.0,24.593114160241228,7.0,31.7,0.0002790763564244227,0.0,0.7,18.865604395604393,7.2,31.3,0.004267399267399267,0.0,0.62,10.660453768149091,0.8,31.6,83.54450739957717,19.19,98.12,24.453024998632465,6.6,31.7,0.00015380267308498806,0.0,0.56,18.46075907590759,6.9,31.5,0.0030264026402640263,0.0,0.55,18.314630963645797,0.8,31.7,76.50362308762169,10.04,97.85,15.610690607734806,1.4,31.7,0.013248618784530387,0.0,0.99,2.9730000000000008,0.8,6.6,75.24602564102565,52.85,92.83,21.107034990791895,7.0,31.7,7.772605376543663,22.306264798737175,7.2,31.7,7.56508912174971,0.002208103130755064,0.61,0.0014423835832675612,0.47,11.507000000000001,7.2,18.1,2.2319612451832582,13.122142857142856,7.5,24.4,3.1891124573000122,0.05966666666666666,0.62,0.051428571428571435,0.55,0.6774003814963109
72,3,5,2,0.63,0.56,0.67,0.74,0.38,0.52,0.73,0.37,0.51,0.54,0.91,0.02,79.56388515330823,18.711980474104934,12.918846355110091,0.8,31.7,78.103589985829,18.21,97.86,12.77208984634727,1.3,31.7,0.0026013370567826016,0.0,1.0,24.297971181672843,6.9,31.7,0.0002790763564244227,0.0,0.7,18.50117216117216,6.7,31.4,0.004267399267399267,0.0,0.62,10.667412780882046,0.8,31.6,83.69944186046511,19.15,98.15,24.105590503801764,6.5,31.7,0.00015380267308498806,0.0,0.56,18.093300330033003,7.0,31.5,0.0030264026402640263,0.0,0.55,17.93710662067702,0.8,31.7,77.30708623087621,10.13,98.0,15.085980662983426,1.4,31.7,0.013248618784530387,0.0,0.99,2.8080000000000003,0.8,6.3,77.01782051282052,54.16,93.4,20.80961325966851,6.9,31.7,7.735829178133913,22.035595895816893,6.9,31.7,7.567153562780276,0.002208103130755064,0.61,0.0014423835832675612,0.47,11.207999999999998,6.8,18.2,2.1373977948274705,12.85,7.2,25.3,3.345508716388073,0.05966666666666666,0.62,0.051428571428571435,0.55,0.6825571266848959
73,3,5,3,0.63,0.56,0.68,0.75,0.38,0.5,0.73,0.38,0.49,0.54,0.9,0.02,79.11458714362561,18.78482281151525,12.879039031786284,0.8,31.7,77.76487009919697,18.04,97.9,12.737803890279139,1.3,31.7,0.0026013370567826016,0.0,1.0,24.399068059012812,7.2,31.7,0.0002790763564244227,0.0,0.7,18.795091575091575,7.1,31.4,0.004267399267399267,0.0,0.62,10.629346796065747,0.8,31.6,83.54802536997886,18.98,98.14,24.191747351530736,7.1,31.7,0.00015380267308498806,0.0,0.56,18.377310231023102,7.5,31.5,0.0030264026402640263,0.0,0.55,18.189635542260618,0.8,31.7,76.55904033379693,9.79,97.81,15.401367403314918,1.4,31.7,0.013248618784530387,0.0,0.99,2.9420000000000006,0.8,6.5,75.55076923076922,52.74,92.85,21.30038674033149,7.2,31.7,7.606563018565237,22.22533543804262,7.4,31.7,7.445288034501027,0.002208103130755064,0.61,0.0014423835832675612,0.47,11.971,7.3,20.2,2.3439551332452306,13.207142857142857,7.7,24.5,3.17488228931726,0.05966666666666666,0.62,0.051428571428571435,0.55,0.6772461073557055
74,3,5,4,0.63,0.56,0.68,0.75,0.39,0.51,0.73,0.38,0.49,0.54,0.89,0.02,79.5967280796127,18.672262947533333,12.670132431670893,0.8,31.7,78.37953708077467,17.71,97.9,12.632015014688282,1.3,31.7,0.0026013370567826016,0.0,1.0,24.262772954485662,6.8,31.7,0.0002790763564244227,0.0,0.7,18.69708791208791,7.0,31.4,0.004267399267399267,0.0,0.62,10.637007265082941,0.8,31.7,83.78984355179705,19.02,98.16,24.073761920390933,6.6,31.7,0.00015380267308498806,0.0,0.56,18.347244224422443,7.2,31.4,0.0030264026402640263,0.0,0.55,18.049229266505908,0.8,31.7,77.20281988873435,9.48,97.83,15.829765193370164,1.4,31.7,0.013248618784530387,0.0,0.99,3.408,0.8,8.6,73.76282051282048,48.13,92.47,20.905046040515654,6.8,31.7,7.79560061201932,21.98577348066298,6.9,31.7,7.677213697395473,0.002208103130755064,0.61,0.0014423835832675612,0.47,11.546666666666667,7.1,18.7,2.337139752394414,12.850714285714284,7.4,24.4,3.2017516729924895,0.05966666666666666,0.62,0.051428571428571435,0.55,0.6829623184215414
75,3,10,0,0.69,0.64,0.69,0.76,0.52,0.66,0.74,0.53,0.67,0.56,0.85,0.01,79.91012506724046,17.281149633249655,12.43094768479384,0.8,31.7,78.83792631081718,17.89,97.98,12.291426999842841,1.3,31.7,0.002641110264872641,0.0,1.0,21.843705603788475,3.9,31.7,0.00025782688766114186,0.0,0.89,16.99065934065934,4.1,31.4,0.0038754578754578756,0.0,0.65,10.172737966865993,0.8,31.6,84.65703594080338,18.98,98.32,21.414225151796945,3.6,31.7,0.00015653775322283612,0.0,0.89,16.322442244224423,3.3,31.5,0.004429042904290428,0.0,0.91,17.629865541344888,0.8,31.7,77.05219749652295,9.72,97.72,16.461919889502763,1.4,31.7,0.013596685082872928,0.0,0.99,4.6530000000000005,0.8,12.1,70.45884615384617,39.38,88.6,19.077154696132595,4.5,31.7,9.3328059674746,18.978660220994477,4.3,31.7,9.403647098311684,0.0024917127071823206,0.84,0.0016041831097079718,0.74,10.375333333333334,4.5,21.0,3.7062278517232166,9.776785714285714,4.1,20.7,3.7033185441973417,0.049933333333333337,0.65,0.08357142857142856,0.91,0.7570817182085794
76,3,10,1,0.69,0.64,0.69,0.76,0.52,0.66,0.74,0.53,0.67,0.57,0.86,0.02,80.34694055944055,17.120676885826704,12.347369480336512,0.8,31.7,78.98231931979217,19.13,98.03,12.240819521512591,1.3,31.7,0.002641110264872641,0.0,1.0,21.736401857810698,4.0,31.7,0.00025782688766114186,0.0,0.89,16.731117216117212,4.1,31.4,0.0038754578754578756,0.0,0.65,10.166142752889149,0.8,31.7,84.73942071881608,19.16,98.31,21.285171763032658,3.5,31.7,0.00015653775322283612,0.0,0.89,16.05221122112211,3.4,31.5,0.004429042904290428,0.0,0.91,17.077397667958852,0.8,31.7,77.95997218358832,9.24,97.74,15.907693370165745,1.4,31.7,0.013596685082872928,0.0,0.99,4.391,0.8,11.3,72.21371794871796,42.48,88.84,18.794898710865564,4.5,31.7,9.126144608393693,18.711602209944754,4.4,31.7,9.16692733612115,0.0024917127071823206,0.84,0.0016041831097079718,0.74,10.140666666666666,4.6,19.8,3.513907543209158,9.437142857142856,4.1,19.9,3.422735807532224,0.049933333333333337,0.65,0.08357142857142856,0.91,0.7576140318660864
77,3,10,2,0.69,0.64,0.69,0.76,0.53,0.67,0.74,0.54,0.68,0.57,0.86,0.02,80.33298009682626,17.08432075522085,12.36995129412712,0.8,31.7,78.99476617855457,19.0,98.0,12.212210616666063,1.3,31.7,0.002641110264872641,0.0,1.0,21.658245299819882,3.8,31.7,0.00025782688766114186,0.0,0.89,16.606025641025642,4.1,31.4,0.0038754578754578756,0.0,0.65,10.069463778060975,0.8,31.6,84.86257505285411,19.15,98.34,21.19086255310614,3.4,31.7,0.00015653775322283612,0.0,0.89,15.920165016501649,3.3,31.5,0.004429042904290428,0.0,0.91,17.200477702145843,0.8,31.7,77.82596314325453,9.31,97.78,16.009198895027627,1.4,31.7,0.013596685082872928,0.0,0.99,4.477,0.8,11.7,71.75205128205128,41.43,88.22,18.837523020257827,4.3,31.7,9.224461232223394,18.619129834254142,4.2,31.7,9.285831115375153,0.0024917127071823206,0.84,0.0016041831097079718,0.74,10.099,4.5,19.5,3.517513184054894,9.36857142857143,4.0,19.8,3.442540293659522,0.049933333333333337,0.65,0.08357142857142856,0.91,0.7600068289779589
78,3,10,3,0.69,0.63,0.69,0.76,0.5,0.64,0.74,0.51,0.65,0.57,0.86,0.02,80.28478483055405,17.15069522334384,12.340331951320962,0.8,31.7,78.96689182805856,18.26,97.99,12.182465334445533,1.3,31.7,0.002641110264872641,0.0,1.0,21.88764646955255,4.3,31.7,0.00025782688766114186,0.0,0.89,17.006739926739925,4.4,31.4,0.0038754578754578756,0.0,0.65,10.048879739459094,0.8,31.6,84.76890486257928,17.63,98.32,21.410531426070783,3.9,31.7,0.00015653775322283612,0.0,0.89,16.353646864686468,3.6,31.5,0.004429042904290428,0.0,0.91,16.9837581270413,0.8,31.7,77.80319541029206,9.47,97.77,15.833176795580112,1.5,31.7,0.013596685082872928,0.0,0.99,4.456,0.8,11.5,71.59358974358975,40.88,88.67,18.908011049723758,4.7,31.7,8.879679572132392,18.75215074980268,4.5,31.7,8.916582488976392,0.0024917127071823206,0.84,0.0016041831097079718,0.74,10.511666666666667,4.8,20.6,3.560491149016133,9.688214285714285,4.3,20.1,3.4668898717226453,0.049933333333333337,0.65,0.08357142857142856,0.91,0.7480394221863593
79,3,10,4,0.69,0.63,0.69,0.76,0.51,0.65,0.74,0.52,0.65,0.56,0.85,0.02,80.0782463690156,17.259373164022858,12.3033946517463,0.8,31.7,79.08049126121871,19.72,98.01,12.175436115040075,1.3,31.7,0.002641110264872641,0.0,1.0,21.95303462651529,4.2,31.7,0.00025782688766114186,0.0,0.89,17.00708791208791,4.3,31.4,0.0038754578754578756,0.0,0.65,10.09865590519448,0.8,31.6,84.76574630021142,18.05,98.33,21.540643290848422,3.7,31.7,0.00015653775322283612,0.0,0.89,16.42042904290429,3.5,31.5,0.004429042904290428,0.0,0.91,17.37980449314734,0.8,31.7,77.2114916550765,9.63,97.71,16.279185082872928,1.5,31.7,0.013596685082872928,0.0,0.99,4.586,0.8,12.0,70.73333333333335,39.61,88.45,19.08218232044199,4.7,31.7,9.168388732999533,19.08629636937648,4.6,31.7,9.179218117099577,0.0024917127071823206,0.84,0.0016041831097079718,0.74,10.612666666666666,4.8,20.7,3.6822601151406396,9.926785714285714,4.4,20.7,3.5619863575292494,0.049933333333333337,0.65,0.08357142857142856,0.91,0.7550275787623024
