,complex_id,af3_output_directory,ptm_mean,ptm_std,iptm_mean,iptm_std,chain_ptm_A_mean,chain_ptm_A_std,chain_pair_iptm_A_B_mean,chain_pair_iptm_A_B_std,chain_pair_iptm_A_M_mean,chain_pair_iptm_A_M_std,chain_pair_iptm_A_P_mean,chain_pair_iptm_A_P_std,chain_ptm_B_mean,chain_ptm_B_std,chain_pair_iptm_B_M_mean,chain_pair_iptm_B_M_std,chain_pair_iptm_B_P_mean,chain_pair_iptm_B_P_std,chain_ptm_M_mean,chain_ptm_M_std,chain_pair_iptm_M_P_mean,chain_pair_iptm_M_P_std,chain_ptm_P_mean,chain_ptm_P_std,avg_plddt_mean,avg_plddt_std,avg_pae_mean,avg_pae_std,avg_pae_A_mean,avg_pae_A_std,min_pae_A_mean,min_pae_A_std,max_pae_A_mean,max_pae_A_std,avg_plddt_A_mean,avg_plddt_A_std,min_plddt_A_mean,min_plddt_A_std,max_plddt_A_mean,max_plddt_A_std,avg_pae_interaction_A_B_mean,avg_pae_interaction_A_B_std,min_pae_interaction_A_B_mean,min_pae_interaction_A_B_std,max_pae_interaction_A_B_mean,max_pae_interaction_A_B_std,avg_contact_probs_A_B_mean,avg_contact_probs_A_B_std,min_contact_probs_A_B_mean,min_contact_probs_A_B_std,max_contact_probs_A_B_mean,max_contact_probs_A_B_std,avg_pae_interaction_A_M_mean,avg_pae_interaction_A_M_std,min_pae_interaction_A_M_mean,min_pae_interaction_A_M_std,max_pae_interaction_A_M_mean,max_pae_interaction_A_M_std,avg_contact_probs_A_M_mean,avg_contact_probs_A_M_std,min_contact_probs_A_M_mean,min_contact_probs_A_M_std,max_contact_probs_A_M_mean,max_contact_probs_A_M_std,avg_pae_interaction_A_P_mean,avg_pae_interaction_A_P_std,min_pae_interaction_A_P_mean,min_pae_interaction_A_P_std,max_pae_interaction_A_P_mean,max_pae_interaction_A_P_std,avg_contact_probs_A_P_mean,avg_contact_probs_A_P_std,min_contact_probs_A_P_mean,min_contact_probs_A_P_std,max_contact_probs_A_P_mean,max_contact_probs_A_P_std,avg_pae_B_mean,avg_pae_B_std,min_pae_B_mean,min_pae_B_std,max_pae_B_mean,max_pae_B_std,avg_plddt_B_mean,avg_plddt_B_std,min_plddt_B_mean,min_plddt_B_std,max_plddt_B_mean,max_plddt_B_std,avg_pae_interaction_B_M_mean,avg_pae_interaction_B_M_std,min_pae_interaction_B_M_mean,min_pae_interaction_B_M_std,max_pae_interaction_B_M_mean,max_pae_interaction_B_M_std,avg_contact_probs_B_M_mean,avg_contact_probs_B_M_std,min_contact_probs_B_M_mean,min_contact_probs_B_M_std,max_contact_probs_B_M_mean,max_contact_probs_B_M_std,avg_pae_interaction_B_P_mean,avg_pae_interaction_B_P_std,min_pae_interaction_B_P_mean,min_pae_interaction_B_P_std,max_pae_interaction_B_P_mean,max_pae_interaction_B_P_std,avg_contact_probs_B_P_mean,avg_contact_probs_B_P_std,min_contact_probs_B_P_mean,min_contact_probs_B_P_std,max_contact_probs_B_P_mean,max_contact_probs_B_P_std,avg_pae_M_mean,avg_pae_M_std,min_pae_M_mean,min_pae_M_std,max_pae_M_mean,max_pae_M_std,avg_plddt_M_mean,avg_plddt_M_std,min_plddt_M_mean,min_plddt_M_std,max_plddt_M_mean,max_plddt_M_std,avg_pae_interaction_M_P_mean,avg_pae_interaction_M_P_std,min_pae_interaction_M_P_mean,min_pae_interaction_M_P_std,max_pae_interaction_M_P_mean,max_pae_interaction_M_P_std,avg_contact_probs_M_P_mean,avg_contact_probs_M_P_std,min_contact_probs_M_P_mean,min_contact_probs_M_P_std,max_contact_probs_M_P_mean,max_contact_probs_M_P_std,avg_pae_P_mean,avg_pae_P_std,min_pae_P_mean,min_pae_P_std,max_pae_P_mean,max_pae_P_std,avg_plddt_P_mean,avg_plddt_P_std,min_plddt_P_mean,min_plddt_P_std,max_plddt_P_mean,max_plddt_P_std,avg_pae_interaction_cdr3a_M_mean,avg_pae_interaction_cdr3a_M_std,min_pae_interaction_cdr3a_M_mean,min_pae_interaction_cdr3a_M_std,max_pae_interaction_cdr3a_M_mean,max_pae_interaction_cdr3a_M_std,std_pae_interaction_cdr3a_M_mean,std_pae_interaction_cdr3a_M_std,avg_pae_interaction_cdr3b_M_mean,avg_pae_interaction_cdr3b_M_std,min_pae_interaction_cdr3b_M_mean,min_pae_interaction_cdr3b_M_std,max_pae_interaction_cdr3b_M_mean,max_pae_interaction_cdr3b_M_std,std_pae_interaction_cdr3b_M_mean,std_pae_interaction_cdr3b_M_std,avg_contact_probs_cdr3a_M_mean,avg_contact_probs_cdr3a_M_std,max_contact_probs_cdr3a_M_mean,max_contact_probs_cdr3a_M_std,avg_contact_probs_cdr3b_M_mean,avg_contact_probs_cdr3b_M_std,max_contact_probs_cdr3b_M_mean,max_contact_probs_cdr3b_M_std,avg_pae_interaction_cdr3a_P_mean,avg_pae_interaction_cdr3a_P_std,min_pae_interaction_cdr3a_P_mean,min_pae_interaction_cdr3a_P_std,max_pae_interaction_cdr3a_P_mean,max_pae_interaction_cdr3a_P_std,std_pae_interaction_cdr3a_P_mean,std_pae_interaction_cdr3a_P_std,avg_pae_interaction_cdr3b_P_mean,avg_pae_interaction_cdr3b_P_std,min_pae_interaction_cdr3b_P_mean,min_pae_interaction_cdr3b_P_std,max_pae_interaction_cdr3b_P_mean,max_pae_interaction_cdr3b_P_std,std_pae_interaction_cdr3b_P_mean,std_pae_interaction_cdr3b_P_std,avg_contact_probs_cdr3a_P_mean,avg_contact_probs_cdr3a_P_std,max_contact_probs_cdr3a_P_mean,max_contact_probs_cdr3a_P_std,avg_contact_probs_cdr3b_P_mean,avg_contact_probs_cdr3b_P_std,max_contact_probs_cdr3b_P_mean,max_contact_probs_cdr3b_P_std
0,MEL5_BST2-10,examples/af3_fold_outputs/mel5_bst2-10,0.731,0.0041649656391752055,0.7097999999999999,0.004733726150223133,0.679,0.0036421567954234104,0.7508,0.0034046786536608463,0.6514,0.007001457574195897,0.8548,0.005046720495044486,0.7145999999999999,0.005034574339058884,0.6536,0.0085140939575722,0.8392000000000001,0.00899886614172783,0.6496000000000001,0.006986868148935734,0.9329999999999999,0.004629100498862673,0.02,0.0,81.28050125099814,0.30393114544409405,15.663323379317589,0.13117965191347075,12.28626541032938,0.15550791100106653,0.8,0.0,31.691999999999997,0.027404751561787163,79.71643066104079,0.3663195939056348,21.772800000000004,2.8079348501076327,97.52159999999999,0.1032405552333858,12.6004264135222,0.13883782685782117,1.418,0.03880879344916043,31.7,0.0,0.002619152481847399,2.21161018359972e-05,0.0,0.0,1.0,0.0,19.03697960875499,0.1809796414746596,1.578,0.05454823740581935,31.7,0.0,0.00028389020876510136,1.0274785765286574e-05,0.0,0.0,0.983,0.004629100498862735,12.632824723247232,0.14586666003415472,1.742,0.049856938190329034,31.422000000000004,0.17530148956839506,0.004047232472324723,9.392708728958262e-05,0.0,0.0,0.976,0.004948716593053917,10.896936836628512,0.13662655961713288,0.8,0.0,31.7,0.0,84.5444295379538,0.25206874693960657,22.683200000000003,0.6031260063965376,97.43379999999999,0.13472405660672265,18.566256164383564,0.20566743964896136,1.716,0.11492677349210714,31.7,0.0,0.000177817057003977,5.428069274633435e-06,0.0,0.0,0.973,0.004629100498862747,11.724802903225807,0.13278729485333896,2.2119999999999997,0.08241260058203395,31.377999999999997,0.058169351632863575,0.006222903225806452,2.3427639599027564e-05,0.0,0.0,0.964,0.004948716593053859,15.393664972790392,0.22034749262385886,0.8,0.0,31.7,0.0,79.48363528596187,0.4697614361360246,11.638799999999998,0.35089180843172973,98.26960000000001,0.0799734649870891,12.164149041095891,0.18275050890391445,1.3,0.0,31.7,0.0,0.011885205479452054,8.497252970515261e-05,0.0,0.0,1.0,0.0,2.2778400000000003,0.04905239181586483,0.8,0.0,4.834,0.14085743262792555,89.72992777777777,0.6808449123626489,70.8758,4.784883974879771,96.5072,0.26792505805670985,13.04199103362391,0.2727636668312604,1.7919999999999998,0.05283783431116268,31.7,0.0,10.185051257908926,0.08773991359383426,13.577790502283106,0.41129334932509115,1.716,0.11492677349210714,31.7,0.0,10.148454193138868,0.13130064184288107,0.0024889165628891653,3.495355218714492e-05,0.975,0.005050762722761059,0.0025547031963470317,6.684017896875693e-05,0.973,0.004629100498862747,3.779190909090909,0.07525905616936365,2.096,0.04499433070863895,7.572,0.2441478307610088,1.0469574130342196,0.029952978049712583,3.7044266666666665,0.18274563862203155,2.2119999999999997,0.08241260058203395,8.11,0.3412163117856048,1.0966151764108463,0.04465487938271137,0.04022727272727272,0.0015329352136900295,0.924,0.004948716593053917,0.12312000000000001,0.00037349850573575107,0.964,0.004948716593053859
1,MEL5_BST2-9,examples/af3_fold_outputs/mel5_bst2-9,0.7193999999999999,0.007117096404046375,0.6906,0.008668497975016029,0.6824000000000001,0.0047638091430093794,0.7532,0.005510657577710268,0.61,0.016659862556700857,0.7964,0.019770107305149918,0.7188,0.005584234367340597,0.6,0.02020305089104422,0.7698,0.024948109412644998,0.6404000000000001,0.007814168189244174,0.9216000000000001,0.005841442371503107,0.0202,0.0014142135623730948,81.21480506261658,0.24698173789591724,16.00321372769387,0.22648224064424305,12.07375373429011,0.16614568136258076,0.8,0.0,31.695999999999998,0.01979486637221437,80.17096015002343,0.21993563146966258,20.999200000000002,2.829843033073872,97.6508,0.122138095145277,12.426337769313177,0.160689231808425,1.396,0.02828427124746191,31.7,0.0,0.0026329127484823233,1.314871325550927e-05,0.0,0.0,1.0,0.0,19.70110793105191,0.3450873725778376,2.1319999999999997,0.25430176514350433,31.7,0.0,0.00028614466966587473,1.4393603292524208e-05,0.0,0.0,0.955,0.015152288168283146,13.920221402214022,0.46499226078797956,2.146,0.25967797954625355,31.432000000000002,0.19106575425486466,0.00381959819598196,0.00012400402308997385,0.0,0.0,0.917,0.02261027398763486,10.78513015608741,0.16505332386349145,0.8,0.0,31.697999999999997,0.01414213562373095,84.67423193069308,0.29134905338550804,21.832199999999997,0.5353590822417917,97.77780000000001,0.08576879219323255,19.330384790101633,0.3719398617202746,2.8819999999999997,0.3173165547499331,31.7,0.0,0.00017939902783915157,4.30682926640845e-06,0.0,0.0,0.91,0.017496355305594125,13.09649605734767,0.5038461801334612,3.112,0.2707811828388225,31.37,0.05802884574739919,0.005287455197132617,7.368292111397773e-05,0.0,0.0,0.937,0.006468132241526741,15.66502162507037,0.24811067170533221,0.8,0.0,31.7,0.0,78.99189580589254,0.4448980440764476,11.002,0.32373458516607817,98.2582,0.08260281163371974,12.816897716894978,0.27480331236822103,1.294,0.03136356914300024,31.7,0.0,0.012235616438356165,3.121436563587967e-05,0.0,0.0,1.0,0.0,2.482716049382716,0.14142465541022073,0.8,0.0,5.5,0.5778213833187623,85.1829875,1.667467481057023,58.048,2.659518139568497,95.9184,0.41123686009651766,14.283205479452054,0.46482756221739874,2.7460000000000004,0.3111597791541597,31.7,0.0,9.76867625688808,0.19209313361995034,15.036509406392694,0.6317022288727199,2.886,0.3175222955372825,31.7,0.0,9.71081193755115,0.20357417693621485,0.002343711083437111,2.3304782627735502e-05,0.9259999999999999,0.020800313969372878,0.002469406392694064,3.1147648757503677e-05,0.91,0.017496355305594125,5.071464646464647,0.3886417633014121,2.7760000000000002,0.27742253929001953,9.698,0.8816704923852533,1.535942656243571,0.11701677023721233,5.1675555555555555,0.6036066771400976,3.116,0.2757993947100846,11.49,1.926109539767578,1.5137597684981106,0.3231565584816758,0.040434343434343434,0.00177145692342945,0.865,0.018762750766519617,0.10305185185185184,0.0017608160355514545,0.937,0.006468132241526741
2,MEL5_DSE,examples/af3_fold_outputs/mel5_dse,0.7226,0.016264397075972326,0.6934,0.023177223161314788,0.6872,0.0049651849134236484,0.7578,0.004646701704940228,0.596,0.04472135954999579,0.7585999999999999,0.05717891719356509,0.7189999999999999,0.003642156795423433,0.598,0.04615855548972432,0.7437999999999999,0.05232902187708313,0.6442,0.008351951989853425,0.877,0.02196936642747102,0.02,0.0,80.82117918936876,0.31383382875810184,15.975705349171058,0.3983904949922115,12.047979384812297,0.15641380225571552,0.8,0.0,31.7,0.0,79.86129263947491,0.32897879606872005,19.3342,2.6514301801103506,97.56139999999999,0.22321409142848708,12.416432686584931,0.1368354212155833,1.388,0.032826072265931594,31.7,0.0,0.0026669801214141177,1.3204191221248011e-05,0.0,0.0,1.0,0.0,19.680543042005763,0.7696957223439929,2.44,0.8126550087615938,31.7,0.0,0.0002933730981145428,1.1015070558005494e-05,0.0,0.0,0.9470000000000001,0.04518668758267064,14.778755350553507,1.2404677180786037,2.5340000000000003,0.9927512790426494,31.47,0.15939938288872454,0.00422140221402214,0.00013624510261802915,0.0,0.0,0.9129999999999999,0.06044900026181624,10.822594318418314,0.14119771736142525,0.8,0.0,31.7,0.0,84.40428556105611,0.24145326391132574,21.3576,0.8299903122129474,97.7342,0.08196788818725255,19.26253998232435,0.7419048364865365,2.944,0.7151880015429655,31.7,0.0,0.0001324259832081308,1.7681251198547632e-05,0.0,0.0,0.86,0.07367883976130077,13.940192903225807,1.2612776193314448,3.2760000000000002,0.7118702014226115,31.354,0.06131218209678424,0.00498258064516129,0.0003945577877352796,0.0,0.0,0.8640000000000001,0.04677344441069975,15.537424657534247,0.23104532930439772,0.8,0.0,31.7,0.0,78.5561704679376,0.5100103318316783,11.1578,0.4161058048337295,98.0818,0.14878679445462373,13.743361643835618,0.6924468260055079,1.48,0.09035079029052523,31.7,0.0,0.0121013698630137,7.530560513415315e-05,0.0,0.0,0.997,0.004629100498862747,3.51638,0.6533727220182605,0.8,0.0,8.204,2.880898385956034,79.57465301204819,4.240082786317536,54.1588,10.049083142257308,93.5342,2.2013948175775124,13.995867247820673,1.2143606925797799,2.54,1.090216230190795,31.7,0.0,9.673570354694963,0.582066378487153,15.164740273972603,0.9934600414732068,2.9619999999999997,0.7420022553461516,31.7,0.0,9.62280155084964,0.42921773098349053,0.00233200498132005,0.00010050600338669692,0.944,0.05387059324275659,0.0019601826484018266,0.00016704133346324352,0.86,0.07367883976130077,5.8502909090909085,1.4245562309194542,2.5839999999999996,1.0629877031945654,12.978,3.9140922788492016,2.2271775618710916,0.8292000834182233,6.204586666666667,1.3864329613368183,3.286,0.7102773243959154,14.148,4.001032519799082,2.0792394640633525,0.8152403245779125,0.043490909090909094,0.004147963306878448,0.9109999999999999,0.05897941529526578,0.09650666666666669,0.008342563595618484,0.8640000000000001,0.04677344441069975
3,MEL5_ERBB2,examples/af3_fold_outputs/mel5_erbb2,0.7044,0.023400680262220842,0.6706,0.030997695766897558,0.6804000000000001,0.004499433070863837,0.7509999999999999,0.0030304576336566457,0.5596,0.06074234645666256,0.7088,0.09584511314764942,0.7175999999999999,0.004314191105868961,0.5556,0.07956924849539829,0.7082,0.11322165365840073,0.639,0.010350983390135321,0.8556,0.042385981510063224,0.02,0.0,79.8545296764745,0.35202951065357113,16.377672865496052,0.559887677356141,12.244851458994294,0.23824329690758542,0.8,0.0,31.7,0.0,78.67840618846695,0.5017755616200852,19.8904,2.1674201348184274,96.83040000000001,0.15767390787473057,12.564200642780623,0.15821970504050428,1.398,0.014142135623730965,31.7,0.0,0.0026345554100702297,9.666203177265565e-06,0.0,0.0,1.0,0.0,20.456754536723448,1.0609443524511715,3.2119999999999997,0.6778236481262536,31.7,0.0,0.0002845978870747612,9.891783539228705e-06,0.0,0.0,0.9289999999999999,0.030118812346154263,15.710277121771217,2.3323566676909833,3.88,0.9975480142912052,31.46,0.16288220358559144,0.0036535055350553508,0.0005777106988809306,0.0,0.0,0.8610000000000001,0.06234368206865517,10.851411259105099,0.1303938222802344,0.8,0.0,31.7,0.0,83.64457887788778,0.2905506770080788,21.108800000000002,0.6991675516684988,97.23559999999999,0.17802957791402388,19.916754467520988,1.2023605552374206,3.272,0.9703859951544213,31.7,0.0,0.00020411842686699072,2.3192543809678513e-05,0.0,0.0,0.883,0.0854818276427385,14.76392129032258,2.4280242102987977,3.838,1.4465850003595737,31.421999999999997,0.06480740698407866,0.005429677419354839,0.0007107759765945888,0.0,0.0,0.8789999999999999,0.09372669778430807,15.613560337774443,0.24763062003002245,0.8,0.0,31.7,0.0,77.60309975736568,0.8067032323894159,11.021199999999999,0.5991205800068591,97.30940000000001,0.2153251930813335,14.20754383561644,1.2824573943067494,1.8659999999999999,0.1912472488797724,31.7,0.0,0.01327972602739726,3.84568748529545e-05,0.0,0.0,0.9890000000000001,0.012330483215451458,3.74132,1.0898114130061063,0.8,0.0,8.946,3.655312600049636,77.20188405797101,7.949633051057951,57.3404,13.89221863534565,89.57860000000001,4.11130150205702,15.440836363636363,1.1410924517180692,3.658,0.8917055430523042,31.7,0.0,9.066073985011922,0.6308591890688859,15.729857351598174,1.6346626255133676,3.272,0.9703859951544213,31.7,0.0,9.173060415459043,0.6802165743011344,0.0026069738480697384,0.00021013817673460112,0.8959999999999999,0.06794355400339501,0.002395068493150685,0.00033799176168963215,0.883,0.0854818276427385,7.388972727272727,2.143767861980799,4.066,0.8726244721458112,15.192,4.6832676539321705,2.3895226362237003,1.032096480690571,6.952353333333333,2.454567475936016,3.838,1.4465850003595737,14.604000000000001,5.510248707302289,2.0803506885930103,0.8989222630168378,0.0392,0.003553271436080439,0.8610000000000001,0.06234368206865517,0.10298,0.019526690844298193,0.8789999999999999,0.09372669778430807
4,MEL5_IMP1,examples/af3_fold_outputs/mel5_imp1,0.722,0.006388765649999432,0.6936,0.007494215456345158,0.6886,0.004045657788144579,0.7576,0.0047638091430094575,0.609,0.012657175104763782,0.8144,0.012803060858518896,0.7208,0.0034046786536608567,0.603,0.014463183379511862,0.7916,0.0143370506174793,0.6462,0.006667006794044637,0.93,0.0,0.02,0.0,81.81823682598855,0.27344337928582696,15.897516718894977,0.1702981029871925,11.981097751936929,0.15602959305637007,0.8,0.0,31.695999999999998,0.019794866372215236,80.62729029535865,0.3073199223909309,18.813399999999998,2.5558772686193083,97.6842,0.11698752767988298,12.328442971074871,0.13802925326171742,1.412,0.0328260722659316,31.7,0.0,0.0026350791572431853,1.1353163564921543e-05,0.0,0.0,1.0,0.0,19.67689525350048,0.27517629149931583,2.2359999999999998,0.1561788613567594,31.7,0.0,0.0002866804832431886,1.1217215160516981e-05,0.0,0.0,0.946,0.012936264483053421,13.311020295202953,0.2795098486579261,2.306,0.16710011663548247,31.514,0.11953993440841269,0.004225830258302583,5.5182111851141204e-05,0.0,0.0,0.919,0.015939938288872465,10.692971883454733,0.13606560710891336,0.8,0.0,31.7,0.0,85.39116221122113,0.2266352279751614,20.952600000000004,0.5438142314865865,98.0276,0.09500934433098795,19.25181749889527,0.303589465684739,2.464,0.14534968390830721,31.7,0.0,0.00019094122845779936,6.0251719219106295e-06,0.0,0.0,0.935,0.008144110179279495,12.428391290322581,0.3017703101246623,2.832,0.1952915141786864,31.407999999999998,0.0695172860605514,0.005713870967741935,4.946248485354548e-05,0.0,0.0,0.9279999999999999,0.007559289460184546,15.473548313004317,0.18762599795971757,0.8,0.0,31.7,0.0,79.54961740034662,0.42638750433215133,10.381400000000001,0.4472683986245433,98.3788,0.06225818526630358,12.345902739726027,0.20016382602588634,1.324,0.047638091430094454,31.7,0.0,0.013087671232876711,3.635921459880467e-05,0.0,0.0,0.995,0.005050762722761058,2.32646,0.040693082198028516,0.8,0.0,5.04,0.10879675865519858,87.97019130434782,0.7879271748001352,65.22359999999999,1.201160595220387,96.07,0.32682767099897125,14.229062266500623,0.401409301175665,2.662,0.252247044439715,31.7,0.0,9.670515326982631,0.13917534003920842,14.862847853881279,0.44150292357137705,2.464,0.14534968390830721,31.7,0.0,9.678874703806557,0.12444770175997759,0.0024273972602739725,5.6170443927142204e-05,0.924,0.013702375780893469,0.002564748858447489,3.586004444641262e-05,0.935,0.008144110179279495,4.764518181818182,0.27182000312740995,2.708,0.1805207885592151,8.616,0.428742822870851,1.2673655470610294,0.06536568158919967,4.75298,0.24713814483075153,2.8339999999999996,0.197546171301593,9.036,0.5539321405429825,1.3002686116483395,0.07441111063115967,0.04192727272727273,0.0007757498453541886,0.9060000000000001,0.012121830534626553,0.11285333333333333,0.001062577194741439,0.9279999999999999,0.007559289460184546
5,MEL5_IMP2,examples/af3_fold_outputs/mel5_imp2,0.7326,0.005272183453498837,0.7097999999999999,0.006223720260226225,0.6862,0.00530306034093441,0.7537999999999999,0.005303060340934447,0.6398,0.008919137873593096,0.8482,0.009189612592043102,0.7193999999999999,0.004699109772399573,0.6304,0.009680613912055647,0.8082,0.008002550613806192,0.6588,0.006892764618179932,0.9336,0.004848732213850539,0.023,0.0046291004988627555,82.03086454618045,0.20427474663401698,15.583546136709792,0.14224112740325606,12.096171675222287,0.1638573996656897,0.8,0.0,31.697999999999997,0.01414213562373101,80.6826972339428,0.3353589043268486,19.7846,2.618872798494398,97.87539999999998,0.143216832895054,12.45065536245685,0.15282793529425145,1.426,0.04430874976934527,31.7,0.0,0.0026296036186168313,1.6137440574162837e-05,0.0,0.0,1.0,0.0,19.0220859020371,0.20959623540110217,1.746,0.1128661840863067,31.7,0.0,0.00027286053682454634,1.2853505475954542e-05,0.0,0.0,0.972,0.00989743318610795,12.590156457564577,0.21238601556617656,1.8559999999999999,0.07329003050503233,31.462000000000003,0.17129756899284213,0.004036531365313653,3.921677396183705e-05,0.0,0.0,0.944,0.009258200997725447,10.801960353798126,0.1484785339126567,0.8,0.0,31.7,0.0,85.15472689768976,0.2131649664368153,21.3054,0.6781192779312819,97.8834,0.10528115904082107,18.65337451171012,0.21398852344483324,2.138,0.09010198303555138,31.7,0.0,0.0001658859920459567,1.616380128870693e-05,0.0,0.0,0.948,0.009897433186107802,11.752383225806453,0.17765599227507683,2.388,0.07461465632686061,31.4,0.049487165930538625,0.005220322580645162,0.0005766651872786473,0.0,0.0,0.943,0.006468132241526665,15.102676464627509,0.2583851916950748,0.8,0.0,31.7,0.0,80.19493698440209,0.36086617313129365,10.6598,0.4681639779009935,98.5068,0.040629736772516446,11.810090410958905,0.23613314368581467,1.358,0.05379477252503622,31.7,0.0,0.013267397260273973,1.5319284376344257e-05,0.0,0.0,0.99,0.0,2.12312,0.06945462180298663,0.8,0.0,4.936,0.15486663123277317,90.3648861111111,0.5200352303016732,74.95819999999999,1.58241186361909,96.58059999999999,0.25899657235143936,12.998266500622664,0.3373961830634855,1.92,0.1293626448305345,31.7,0.0,10.022453150859508,0.10760630147554377,14.174993424657535,0.3515410713344638,2.138,0.09010198303555138,31.7,0.0,9.831804806998976,0.08444907431209477,0.002536239103362391,1.5305973429807765e-05,0.966,0.011248582677159733,0.0023077625570776254,0.00010657569301800033,0.948,0.009897433186107802,3.8679636363636365,0.15991818409101716,2.1420000000000003,0.09495433918790774,8.464,0.4298837052040935,1.1661921998137912,0.06289095126998642,4.297893333333334,0.15190827641851665,2.388,0.07461465632686061,9.682,1.0015681581950395,1.3110110116692624,0.12147234763546742,0.03810909090909091,0.0003848190231176398,0.9359999999999999,0.01212183053462647,0.10370000000000001,0.010899177193351045,0.943,0.006468132241526665
6,MEL5_MRP3,examples/af3_fold_outputs/mel5_mrp3,0.6964,0.017929567416842554,0.6582000000000001,0.025450231545396305,0.6858,0.006091144458665089,0.7564,0.005979557010416108,0.5218,0.051177562047667505,0.55,0.13275725891987364,0.7216,0.004677344441069958,0.5144,0.05803447251418762,0.5554,0.1289076556045815,0.6434000000000001,0.005573259772323201,0.647,0.11920228048770451,0.015,0.0050507627227610544,79.5155235990949,0.8391303467847514,16.510255917263354,0.42552666196938904,12.004769461200146,0.2026665548260412,0.8,0.0,31.695999999999998,0.019794866372215236,79.09281097046413,0.46249265247476967,19.915599999999998,1.7528020249804346,96.9154,0.18363906480497902,12.344142233067492,0.17806939316813078,1.354,0.05034574339058877,31.7,0.0,0.0026406023092488988,1.2691085436372647e-05,0.0,0.0,1.0,0.0,20.78887894657029,0.74248782650626,3.596,0.6382245782206275,31.7,0.0,0.00027807713693575294,1.3002440869750995e-05,0.0,0.0,0.875,0.024432330537838682,19.58118856088561,2.8736807244975346,5.9879999999999995,1.9553839854648103,31.634,0.0798212288268506,0.0036516605166051663,0.0003063234143939944,0.0,0.0,0.693,0.1279389203758527,10.70422711758585,0.1932095355274843,0.8,0.0,31.7,0.0,83.85395907590758,0.7122114976574999,20.808400000000002,1.3820029238871585,97.5742,0.1254232019677255,20.246788775961114,0.8080686546980623,4.12,1.0999072317097232,31.7,0.0,0.00022096332302253645,1.4139946510447657e-05,0.0,0.0,0.8290000000000001,0.0833544191010499,18.699462258064514,2.975273728841184,5.9879999999999995,1.93101855326696,31.528000000000002,0.06401530429259507,0.005062903225806452,0.0005555819883235398,0.0,0.0,0.758,0.12237446712481176,15.433025528241696,0.1459248993618582,0.8,0.0,31.7,0.0,76.8026617677643,1.0544467842645342,12.2036,0.32839597800117243,96.9074,0.15446827823081222,18.040716438356164,2.3650696012196355,5.078,1.513381131433715,31.7,0.0,0.012992602739726028,0.00019115697888188725,0.0,0.0,0.8059999999999999,0.0984782167977948,5.949879999999999,1.7970015347568207,0.8,0.0,15.046,3.275836705705731,54.330802816901404,13.54456637235634,37.8416,10.548951076591763,65.5466,13.046775128946848,15.963743960149438,1.0404017322353243,4.522,0.8187322205578522,31.697999999999997,0.01414213562373095,8.507087349078923,0.6282143038533097,16.3797899543379,1.2701766523499705,4.14,1.123769167959836,31.7,0.0,8.749172457021471,0.5567493667284439,0.002321295143212951,7.401331527375804e-05,0.797,0.049290889997388884,0.002661917808219178,0.00016325772325480626,0.7979999999999999,0.11621584422521566,11.666254545454544,3.362953047676558,6.24,1.8264496618705204,22.2,4.596049767940699,4.055360950022292,1.2270184762719536,10.962233333333334,3.42931699978786,6.053999999999999,1.9846564499907275,20.904,4.130175664594445,3.455979927427931,1.0383134726339562,0.04214545454545455,0.003593485607212403,0.6679999999999999,0.10476406924170914,0.09282666666666665,0.014708604235234317,0.758,0.12237446712481176
7,MEL5_MUC-16TSS,examples/af3_fold_outputs/mel5_muc-16tss,0.7064,0.017114261864996465,0.6726000000000001,0.02319482700948639,0.6854,0.005424810727442104,0.7556,0.005405967979549855,0.5512,0.041876397326671096,0.6920000000000001,0.08073640657682736,0.72,0.005345224838248459,0.55,0.05018333734357224,0.6844,0.0873921492761337,0.6468,0.00843704174870475,0.8336,0.037348879173413015,0.017,0.004629100498862758,80.80890098509052,0.5939686735799891,16.151175182944975,0.42348933888788753,11.960100189267575,0.14816955861169787,0.8,0.0,31.694000000000003,0.023989793748210027,79.8233301453352,0.37314244441630595,22.7936,2.353990758222282,97.1486,0.13665105270022923,12.301913117486015,0.1326496775493509,1.3619999999999999,0.04903143514780139,31.7,0.0,0.002618973931674801,4.0429767957559044e-05,0.0,0.0,1.0,0.0,20.25209080523682,0.7396169430372271,3.4539999999999997,0.5151619519478255,31.7,0.0,0.0002683617247131376,1.0827790310601394e-05,0.0,0.0,0.905,0.01929893726586619,16.12239003690037,1.7706113781522579,4.188,0.8874729084683691,31.442000000000004,0.18192844522963797,0.0039549815498154985,0.0004081461194322707,0.0,0.0,0.823,0.03321236553589335,10.649267825182102,0.13671750911142666,0.8,0.0,31.7,0.0,84.45589554455447,0.5349367699202183,23.805,1.8346086164384507,97.6754,0.09775458650965708,19.696364383561644,0.7857195194987275,3.196,0.986016516813269,31.7,0.0,0.00020827220503756076,1.2431449107081988e-05,0.0,0.0,0.89,0.07381720390150749,15.258664193548386,1.8034200706158106,4.25,1.0814295150024194,31.421999999999997,0.07899883750113444,0.005384516129032259,0.00043668743540856413,0.0,0.0,0.8420000000000001,0.068927646181799,15.314923745543254,0.18663464331861296,0.8,0.0,31.7,0.0,78.61228866551127,0.8236042917701669,10.8352,0.33332119705797764,97.68039999999999,0.17654229995519066,14.509956164383562,0.9975927373025171,1.778,0.09321907486328827,31.7,0.0,0.01294986301369863,0.000262869946038236,0.0,0.0,0.965,0.005050762722761121,4.17792,0.7893233950927948,0.8,0.0,9.672,2.1056813333339455,75.08224857142858,5.550898185990139,46.6128,5.925440150705416,88.60379999999999,2.952128868654424,15.04846400996264,1.0533426893383941,3.7560000000000002,0.8533630947191068,31.7,0.0,9.014050225993651,0.5056961422538028,15.402388310502284,1.3364862273378968,3.196,0.986016516813269,31.7,0.0,9.109674097050025,0.5118351348086964,0.0024089663760896636,4.419480535199944e-05,0.867,0.05440775755012014,0.002622648401826484,0.00020787565238338253,0.887,0.07799136529914376,7.683681818181818,1.7778618335016247,4.62,0.9216223495022464,15.767999999999999,3.987912348329533,2.2970265522271727,0.6754037336464419,7.502973333333333,2.0064601548537846,4.268,1.0810878874578904,17.812,2.965766583629168,2.38790729080597,0.624881940290905,0.043045454545454546,0.002016231152099022,0.82,0.029965967090575744,0.10181333333333333,0.015669193601392316,0.8420000000000001,0.068927646181799
8,MEL5_MelanA,examples/af3_fold_outputs/mel5_melana,0.7387999999999999,0.0038544964466377145,0.7178,0.004646701704940162,0.6848000000000001,0.005046720495044438,0.7574,0.004869731585445511,0.662,0.0057142857142857256,0.8628,0.006401530429259462,0.7217999999999999,0.0038808793449160773,0.674,0.006060915267313226,0.86,0.0028571428571427995,0.6594,0.005115003939990844,0.939,0.0030304576336566084,0.028399999999999998,0.003703280399090206,82.26692171017581,0.2316829002154991,15.41078534164318,0.12576686454263672,12.198213395787095,0.18018449832176978,0.8,0.0,31.7,0.0,80.54436146272855,0.3103542169567077,18.9398,2.6067068050217967,97.8474,0.1202855446215302,12.446914034043566,0.1709002139087649,1.408,0.03958973274443141,31.7,0.0,0.0026556243304368525,2.3800096378611915e-05,0.0,0.0,1.0,0.0,18.792233695597233,0.16053764899690126,1.636,0.0827092275778864,31.7,0.0,0.00027797604003437293,8.746214600956223e-06,0.0,0.0,0.983,0.0064681322415267445,12.125308487084872,0.15666653361362384,1.786,0.06391959234627737,31.482000000000003,0.17224804136797126,0.003588191881918819,6.620275355377792e-05,0.0,0.0,0.96,0.009035079029052508,10.734733465140478,0.1677211042350339,0.8,0.0,31.7,0.0,85.67520198019801,0.27383257694753577,21.5058,0.5232788697341076,97.9912,0.10387669299192141,18.153381087052583,0.14793188574408023,1.646,0.07342912729083657,31.7,0.0,0.00020610693769332745,6.700953210744195e-06,0.0,0.0,0.977,0.0046291004988627885,11.052212903225806,0.15187936514007622,1.8419999999999999,0.07024737630368136,31.426,0.05996597674804426,0.006270645161290322,9.526416817676092e-05,0.0,0.0,0.976,0.00494871659305394,15.159759159316945,0.1678766772840389,0.8,0.0,31.7,0.0,80.43193975736568,0.33137484547461277,10.8934,0.44007239664140924,98.51700000000001,0.04998979487692355,11.75292904109589,0.17870922125857266,1.28,0.04040610178208845,31.7,0.0,0.013486849315068494,2.3419678806229587e-05,0.0,0.0,0.99,0.0,2.0822,0.04647755657633203,0.8,0.0,5.7139999999999995,0.27701764476329693,92.97105151515152,0.412134518831424,79.5958,1.7663268586047611,96.7118,0.1571777883253803,12.583822914072229,0.21759416358502925,1.736,0.07216760537322904,31.7,0.0,10.171053060072403,0.11277495826407065,13.108983196347033,0.2492933829411758,1.646,0.07342912729083657,31.7,0.0,10.145516707062775,0.10608753203230623,0.0026420921544209213,4.328305653046747e-05,0.9739999999999999,0.00494871659305397,0.002771872146118721,3.3058444283808115e-05,0.977,0.0046291004988627885,3.4805727272727274,0.08290185303904941,2.024,0.07159979477795272,8.033999999999999,0.27745931858452305,1.1161093273976532,0.045103634793343506,3.4570333333333334,0.08259331972130084,1.8419999999999999,0.07024737630368136,8.91,0.47734384133153174,1.1368994390142995,0.059996948260199925,0.03098181818181818,0.001167965047060629,0.948,0.004040610178208817,0.12494,0.0018690582347287263,0.976,0.00494871659305394
9,MEL8_BST2-10,examples/af3_fold_outputs/mel8_bst2-10,0.714,0.007559289460184562,0.6868,0.010583005244258347,0.681,0.0041649656391751924,0.7464,0.005252793231671479,0.6052,0.024514885107557338,0.8334,0.018583512552139046,0.7322,0.00464670170494016,0.5868,0.024531529067046486,0.7632000000000001,0.019319018862145126,0.6456000000000001,0.006749149606295828,0.9378,0.0046467017049401415,0.02,0.0,80.04289121873336,0.21195352845340953,16.045684091665063,0.1849435863743277,12.36838093116507,0.1537157730871739,0.8,0.0,31.688000000000002,0.03282607226593047,78.2918629489603,0.28622469884032825,19.9612,2.4753310559871977,97.1182,0.09248695440273674,12.641260228410664,0.13337898031414452,1.4040000000000001,0.040203563655629417,31.7,0.0,0.002590744361260789,1.4950429657472887e-05,0.0,0.0,1.0,0.0,19.77485259660601,0.34943750882393027,1.8719999999999999,0.16786778081792444,31.7,0.0,0.00021166428133306071,1.0897645831663397e-05,0.0,0.0,0.9420000000000001,0.020101781827814684,13.612157462686566,0.41617330141491965,2.0980000000000003,0.19845320221500015,31.375999999999998,0.2227472256406637,0.0026149253731343287,0.0001499640423469131,0.0,0.0,0.9129999999999999,0.021213203435596396,10.82745654237565,0.14199878709356112,0.8,0.0,31.666,0.04785181206983929,83.79837781416292,0.3112164663696574,20.967599999999997,0.3144711141466784,97.47219999999999,0.08473945663150918,19.344474830408334,0.33126659521947366,2.92,0.28996833043120634,31.7,0.0,0.00014230819729528645,4.518556990435023e-06,0.0,0.0,0.873,0.023925906034920355,12.794182428115016,0.4217580395597022,2.9419999999999997,0.20809142417775542,31.594,0.023989793748208893,0.00463482428115016,0.00012377157334469367,0.0,0.0,0.8079999999999999,0.03374574803147917,15.486193071870895,0.23087771622934744,0.8,0.0,31.7,0.0,78.003408457539,0.4084268743225306,10.972000000000001,0.35338595423850805,97.90799999999999,0.07556589231679266,12.277915616438356,0.18420374542558868,1.264,0.04848732213850617,31.7,0.0,0.012126575342465752,5.111791724567845e-05,0.0,0.0,1.0,0.0,2.2689000000000004,0.07438406950361333,0.8,0.0,4.478,0.1418392306343305,85.79886111111111,0.8508358675078863,66.7216,1.4582241926118102,94.4876,0.46833426053604,15.846356164383563,0.4508500400295803,3.014,0.2424450284842622,31.7,0.0,9.406205472435397,0.19857163706670444,16.090178253424657,0.49594120217442655,2.92,0.28996833043120634,31.7,0.0,9.569822652602333,0.1590585760142195,0.00012020547945205479,2.6592618653545854e-05,0.215,0.07031271258471265,0.0020981164383561644,4.656785170978515e-05,0.873,0.023925906034920355,6.277362500000001,0.4204255483924249,3.24,0.30304576336566325,13.89,1.0631585594110493,2.181289428850799,0.2128648902503184,5.99735625,0.5056091158250816,3.076,0.28252505758474816,15.966,2.034358947317461,2.2020684369573913,0.2907379212867475,0.0124,0.0009119389524859803,0.622,0.0677329690921697,0.0829875,0.002080529575931697,0.8079999999999999,0.03374574803147917
10,MEL8_BST2-9,examples/af3_fold_outputs/mel8_bst2-9,0.6920000000000001,0.007284313590846826,0.6568,0.00935468888213995,0.6818000000000001,0.004819179369552238,0.7465999999999999,0.004785181206984075,0.536,0.018516401995451036,0.7394,0.018780145834125423,0.7314,0.0035050983275386437,0.5082,0.020171711855558407,0.6566,0.026924687101435436,0.6402,0.008204030865920722,0.9194,0.003730732816343028,0.02,0.0,79.90563604155567,0.23952160840581804,16.58536174118034,0.1994164660891096,12.29413165515705,0.16743808018674602,0.8,0.0,31.694000000000003,0.023989793748208303,78.53101880907371,0.268075865456916,18.4082,2.0132131795024706,97.1666,0.12196704138279932,12.609746614372227,0.1461791026596319,1.4479999999999997,0.050467204950444905,31.7,0.0,0.0026055505221496355,1.1711512749682759e-05,0.0,0.0,1.0,0.0,20.78893639337559,0.33865526038983607,2.7539999999999996,0.265122228261546,31.7,0.0,0.00020757513800858721,1.1050790272098858e-05,0.0,0.0,0.885,0.024846467329894414,15.988272388059702,0.39624661876443396,2.8360000000000003,0.24223449593401888,31.45,0.1798525473144888,0.002208955223880597,8.981930521970335e-05,0.0,0.0,0.7979999999999999,0.030237157840738126,10.838085088140126,0.13630706973398318,0.8,0.0,31.662,0.04903143514779986,83.71851821530905,0.23394443223719213,19.3694,0.3399124136885734,97.8982,0.11037394694068446,20.4449945468073,0.3641791645740869,4.602,0.3705979723944223,31.7,0.0,0.00018951376427852422,4.845931987002703e-06,0.0,0.0,0.7189999999999999,0.04001275306903121,15.187657436989705,0.4241263871746561,4.348,0.28659863138229413,31.59,0.030304576336567746,0.005364927227547036,0.00018231165257111352,0.0,0.0,0.801,0.020922597879823993,15.599496836179396,0.20626117096865182,0.8,0.0,31.7,0.0,77.67019493934141,0.4616537445539133,10.5478,0.2617935781317429,97.9122,0.10882095386459038,13.113294063926942,0.1901949874097766,1.24,0.04948716593053938,31.7,0.0,0.012289193302891934,6.372100375062575e-05,0.0,0.0,1.0,0.0,2.79241975308642,0.10245198641048768,0.8,0.0,6.064,0.35729139768142004,80.57855,0.8914113825108491,50.1912,1.6728731730353081,93.47120000000001,0.42830772839639625,16.986772602739723,0.4252887322726525,4.3,0.4080816244881629,31.7,0.0,8.678882536154164,0.17102815540528854,17.91526198630137,0.4596948805310525,4.66,0.3670066451047182,31.7,0.0,8.760376146364521,0.18077731794851354,0.0001815068493150685,1.539347624515879e-05,0.24700000000000003,0.022610273987634866,0.0023934931506849316,5.0976971104436896e-05,0.7189999999999999,0.04001275306903121,8.504486111111111,0.4577856793456633,4.5680000000000005,0.38568253837601163,16.182000000000002,0.920224018866036,2.490229422646643,0.10665806389702087,8.547312499999999,0.4675601332451176,4.59,0.3296565931204094,17.784000000000002,1.130894534861492,2.490281744129717,0.12877825166396342,0.010819444444444446,0.0006683003886150509,0.569,0.042486492451322924,0.09315972222222221,0.0026069288072600887,0.801,0.020922597879823993
11,MEL8_DSE,examples/af3_fold_outputs/mel8_dse,0.6862,0.011045361017187241,0.649,0.013739560044050966,0.6782,0.005225526045191919,0.7442,0.005379477252503657,0.5212,0.0278948462799061,0.73,0.044903524701433474,0.7303999999999999,0.003475864303027547,0.4886,0.031880516729481875,0.6248,0.04136645589689052,0.6325999999999999,0.006942915931555925,0.8745999999999999,0.02042507462579728,0.019200000000000002,0.0027404751561786963,79.8026662681015,0.3993749225692868,16.772947317974126,0.2471011958433826,12.31265913900646,0.19185865845961228,0.8,0.0,31.694000000000003,0.02398979374820827,78.46284451795842,0.39293510046370095,18.605,2.1875913975075374,97.185,0.13631071947905457,12.643342544466169,0.16910783651548508,1.48,0.04040610178208846,31.7,0.0,0.0026043464784702686,1.9595680170261034e-05,0.0,0.0,1.0,0.0,21.092317726436313,0.41825376810602816,2.88,0.4659858980085742,31.7,0.0,0.00020984461255367002,3.9425750865105955e-06,0.0,0.0,0.88,0.0391230398217976,16.78368955223881,0.8430274587071993,2.9539999999999997,0.37807784534782946,31.456,0.17398099825872546,0.0023914179104477613,0.00025465828648738633,0.0,0.0,0.759,0.042003401222826246,10.874150496585655,0.1553896051042058,0.8,0.0,31.656,0.05014265364223927,83.64249758493655,0.3879750800276799,19.6102,0.43434910251679404,97.77,0.15651823914059773,20.747694524924505,0.4856963725804721,5.05,0.6923046397979105,31.7,0.0,0.0001416867258961005,1.4430436008785736e-05,0.0,0.0,0.728,0.10811935959099721,15.987078913738019,0.8916601556381536,5.184,0.6105735008989498,31.572000000000003,0.05360475154084078,0.0038047923322683704,0.00042401798812243436,0.0,0.0,0.581,0.08799930426441116,15.736147975229875,0.18442248454412086,0.8,0.0,31.7,0.0,77.66754294627384,0.537282546432966,10.6864,0.3297417666190634,97.96979999999999,0.10793970350078157,14.320837534246575,0.5327240240968409,1.436,0.05627918743883496,31.697999999999997,0.014142135623730664,0.012250958904109589,0.00021665163970974375,0.0,0.0,0.991,0.003030457633656669,4.06128,0.5720134164260734,0.8,0.0,10.454,2.4344642791650517,75.15430120481928,2.904677588628366,48.2038,7.174770106535307,91.38600000000001,1.989925647262391,17.591365410958904,0.5591569321949424,4.618,0.7490647229603549,31.7,0.0,8.557349929690979,0.3299845154748777,18.273669520547948,0.6530535830017246,5.218,0.8421764806083082,31.7,0.0,8.684259179118948,0.3496746832178204,0.0001106164383561644,2.8779850613200952e-05,0.113,0.029982988374021934,0.0018433219178082192,0.0001058896779149179,0.728,0.10811935959099721,9.720337500000001,0.9398916789418513,4.688,0.6968266261695054,18.602,1.6151691640727384,3.0594194174857967,0.34223458839403237,9.447531249999999,1.0158179550810837,5.314,0.6391991162416308,18.854,1.7069139117251395,2.8020780082365455,0.2719906689627318,0.012037500000000001,0.0013074184916257302,0.63,0.06685347975312905,0.06703125,0.0065505692082086,0.581,0.08799930426441116
12,MEL8_ERBB2,examples/af3_fold_outputs/mel8_erbb2,0.7011999999999999,0.014234192808092757,0.6712,0.016492422502470662,0.676,0.01010152544552207,0.7456,0.010333223611442944,0.565,0.034001800672605435,0.7906,0.02113223671482571,0.7295999999999999,0.0085618994650124,0.5506,0.04761280911516071,0.7166,0.04456639165678681,0.639,0.009741558354989873,0.912,0.00728431359084682,0.02,0.0,80.12101855450553,0.5882521502306611,16.41070508875895,0.40182840633006855,12.570015231677434,0.5478425589543665,0.8,0.0,31.688000000000002,0.03282607226593032,78.12502268431001,0.8741742972259496,18.6418,1.8905875234099765,97.15899999999999,0.16129893657050395,12.826594273043726,0.5324574372424009,1.406,0.02398979374820957,31.7,0.0,0.0025947141290353346,5.720033878481795e-05,0.0,0.0,1.0,0.0,20.406154416274788,0.5400855462811663,2.2640000000000002,0.29537938247588774,31.7,0.0,0.0002045491719484768,1.0153299207684209e-05,0.0,0.0,0.9420000000000001,0.019587584572574347,14.904653731343283,0.7208617456459105,2.68,0.2482592456711823,31.49,0.16690459207925687,0.002603358208955224,0.00017710589466370715,0.0,0.0,0.8439999999999999,0.0329501788419165,10.97817742347069,0.46172151578559495,0.8,0.0,31.666,0.04785181206983976,83.94999394187475,0.7453161644444123,20.5836,0.443873304225519,97.6726,0.11774774143161046,19.867277876493503,0.6214982685218117,3.5039999999999996,0.6794235251524723,31.7,0.0,0.0001531358046303996,4.629731085251197e-06,0.0,0.0,0.875,0.03202358824494271,13.923419169329074,0.7990299712424137,3.576,0.5089244360734245,31.58,0.04948716593054022,0.004208626198083067,0.00015376465204147138,0.0,0.0,0.7659999999999999,0.06295447010437344,15.57052799399512,0.24234548450348578,0.8,0.0,31.7,0.0,78.2680274523397,0.5182675421987664,10.4368,0.385351363653209,97.633,0.13191292737318716,12.966099726027396,0.29357647999333797,1.494,0.054995361585486284,31.7,0.0,0.013276986301369864,5.412577655333213e-05,0.0,0.0,0.99,0.0,2.7222000000000004,0.14222789990084253,0.8,0.0,5.568,0.36502166555771814,83.24014492753622,1.8989076801828824,70.3926,2.311423106121036,93.50040000000001,0.5587338455866815,16.423576369863014,0.728228137787232,3.478,0.41908062640567323,31.7,0.0,9.059972920659726,0.28264231072209123,16.565800856164383,1.019478217540251,3.5039999999999996,0.6794235251524723,31.7,0.0,9.31748095392828,0.2918831169211928,4.9657534246575346e-05,2.243298731528449e-05,0.086,0.04169862719807551,0.0022727739726027397,0.00010631209456871596,0.875,0.03202358824494271,7.4212125,0.8104366895140294,3.8360000000000003,0.3983435088217305,15.068,1.4879708138458707,2.2030450007913824,0.23551946315776187,6.88930625,0.9689134763523555,3.702,0.5519871338340842,16.028,2.6085448285296877,2.19758201523251,0.365974163905629,0.011575,0.0008322271569807887,0.718,0.06848208465261071,0.07383125,0.003061608314585452,0.745,0.06181770435262521
13,MEL8_IMP1,examples/af3_fold_outputs/mel8_imp1,0.7223999999999999,0.010214035960982611,0.6972,0.009484681527255904,0.682,0.011780301787479025,0.7515999999999999,0.011313708498984774,0.6296,0.016531972733130756,0.8525999999999999,0.008526070463643882,0.733,0.009741558354989884,0.6254,0.01971325049041784,0.7962,0.017715437750557447,0.6504000000000001,0.006986868148935704,0.9408,0.0027404751561786816,0.02,0.0,80.9491638227073,0.5936025834693882,15.859304152588365,0.3284103602782639,12.429024671419024,0.5441326808582342,0.8,0.0,31.694000000000003,0.023989793748208692,78.89904621928166,0.9698246513473844,18.4042,2.1725355167243117,97.6922,0.1087646776395815,12.678509811167803,0.5484138038595757,1.382,0.043752550946038735,31.7,0.0,0.0025932478184159074,5.34355129639054e-05,0.0,0.0,1.0,0.0,19.46748403189532,0.31712976782279306,1.682,0.08002550613806235,31.7,0.0,0.00019005315886321816,1.202905372439209e-05,0.0,0.0,0.9670000000000001,0.004629100498862748,13.12723843283582,0.4613230409180177,1.874,0.06942915931555921,31.518,0.12727922061357888,0.003048134328358209,6.136897090820378e-05,0.0,0.0,0.926,0.011248582677159736,10.87874531739632,0.4827728347822444,0.8,0.0,31.658,0.04985693819032789,84.85327212443717,0.7353992450961575,20.0148,0.43775512677798295,98.1198,0.08627175856866262,18.87030859118561,0.31929054193537815,2.7739999999999996,0.22929350231544182,31.7,0.0,0.00016218652895093878,4.672125141879229e-06,0.0,0.0,0.879,0.0280123879301823,12.16630159744409,0.42117988260971057,2.7680000000000002,0.21422856380749164,31.598000000000003,0.014142135623731405,0.003983067092651758,0.00019276098519304267,0.0,0.0,0.8190000000000001,0.02323350852470086,15.413769923062489,0.23176702968079615,0.8,0.0,31.7,0.0,78.93755493934142,0.45608627167853744,9.7918,0.42762605254629393,98.3662,0.07785098271829417,12.09940082191781,0.19307195380492287,1.204,0.028284271247461978,31.7,0.0,0.013175068493150685,3.100263857294958e-05,0.0,0.0,0.9940000000000001,0.0049487165930539355,2.1514200000000003,0.045358926849055445,0.8,0.0,4.954,0.13881422029137364,89.69994492753624,0.7889105852487157,80.7124,1.6700440663867013,95.7132,0.225673052291606,15.363976027397259,0.31804143732780066,2.696,0.1484065018653777,31.7,0.0,9.632306530648819,0.10822287832599249,15.678680479452055,0.47714280255105096,2.7960000000000003,0.2390115700384501,31.7,0.0,9.772926933667327,0.09645524134522859,0.00011575342465753426,1.1659858402948128e-05,0.228,0.03123315872725067,0.002403082191780822,0.00010179829127981676,0.879,0.0280123879301823,5.816725,0.2974443536107179,2.7939999999999996,0.13463480460952457,15.308,0.9009835895128306,2.3430576746903244,0.2041591186784481,5.566375000000001,0.451481515494165,2.7680000000000002,0.21422856380749164,14.366,1.6232507068049773,2.1152406985225976,0.3265110852766795,0.0139375,0.0004930964739815745,0.863,0.01693324227304236,0.07373125,0.003211686697255276,0.8190000000000001,0.02323350852470086
14,MEL8_IMP2,examples/af3_fold_outputs/mel8_imp2,0.7108,0.009864386572361227,0.6846,0.009521190115972312,0.676,0.011428571428571416,0.7415999999999999,0.01017399646557993,0.6005999999999999,0.0146259484255531,0.8508,0.010849621454884339,0.7273999999999999,0.008033094811148247,0.578,0.019378085666072204,0.7365999999999999,0.017450805489859153,0.6537999999999999,0.006966391622992361,0.9403999999999999,0.0019794866372215654,0.0276,0.0043141911058689995,80.50766019159127,0.5126822132878801,16.051720091997687,0.30748115434414924,12.55818662285587,0.5312981117911245,0.8,0.0,31.69,0.030304576336566642,78.533095463138,0.9190648655726522,19.1084,2.3485943342643867,97.57700000000001,0.10906373347352581,12.86463152687044,0.5184522068785292,1.472,0.04535573676110729,31.7,0.0,0.002592878260454914,5.376152774647002e-05,0.0,0.0,1.0,0.0,19.693582140666532,0.3174378604267513,1.8319999999999999,0.10961900624714786,31.7,0.0,0.00019721938253935802,1.0077325433479163e-05,0.0,0.0,0.968,0.007559289460184548,13.4233276119403,0.4119012561566197,1.806,0.09981615754036238,31.43,0.1897904322226634,0.0029652985074626868,3.0762518292169614e-05,0.0,0.0,0.9329999999999999,0.009091372900969815,11.033059028876483,0.4528211912217929,0.8,0.0,31.662,0.0490314351478,83.8899362259517,0.6117477776711967,20.0472,0.4096192358365836,97.98639999999999,0.08397667314589367,19.291871399185958,0.3221366010124913,3.5239999999999996,0.1824549147553098,31.7,0.0,0.0001572235108757495,3.386560948946498e-06,0.0,0.0,0.802,0.029554515522253112,12.591530990415336,0.37607812918295286,3.448,0.15680483124585418,31.592000000000002,0.027404751561788537,0.003959744408945687,6.412881224098063e-05,0.0,0.0,0.6970000000000001,0.05478156996804004,15.241979253143178,0.2060881813378969,0.8,0.0,31.7,0.0,78.92279521663778,0.404825805817848,10.4068,0.43977471041246513,98.3854,0.04781810774771233,11.870130684931507,0.18987504396806243,1.286,0.04522054797526977,31.7,0.0,0.013344383561643835,1.9453669110505387e-05,0.0,0.0,0.99,0.0,2.0563000000000002,0.046926016455780234,0.8,0.0,4.912,0.14933867823282276,87.28007777777776,0.6239851329267648,67.91720000000001,1.3576450800062987,95.32860000000001,0.3442828097091448,15.728257191780822,0.39127642643429467,2.9160000000000004,0.19415962294893732,31.7,0.0,9.49841703732738,0.13707877725427878,16.818843493150684,0.4490194494325649,3.5260000000000002,0.18605463318770724,31.7,0.0,9.474286272977132,0.11576080803183236,0.0002113013698630137,2.9881516249758797e-05,0.30200000000000005,0.05264435935053791,0.0021655821917808222,1.577836055660042e-05,0.802,0.029554515522253112,6.2482375,0.34783719714927464,2.87,0.15551100755055178,16.442,1.21034486567984,2.641884119649719,0.18476899678679565,6.77108125,0.4119776145457402,3.4960000000000004,0.17491688988587403,17.488,1.3636146442302461,2.775732194438937,0.23302102441839484,0.012537500000000002,0.00022622963320214284,0.853,0.02072659732649561,0.07300625,0.0010756798099673655,0.6970000000000001,0.05478156996804004
15,MEL8_MRP3,examples/af3_fold_outputs/mel8_mrp3,0.7070000000000001,0.00814411017927955,0.6766,0.008946553321057782,0.6834,0.005928141120356065,0.7486,0.005717856027482716,0.5736,0.01723309582857167,0.7376,0.020259540458555277,0.7362000000000001,0.004903143514780121,0.5582,0.02086790329082203,0.685,0.025892241371988343,0.647,0.005802884574739925,0.8231999999999999,0.01963337433441076,0.02,0.0,80.19124542914172,0.28962173890439025,16.13173541911031,0.1810291515942262,12.279553018489642,0.21615156072879813,0.8,0.0,31.686,0.0350509832753872,78.6480566162571,0.3605621581730313,19.605999999999998,2.123466553558505,97.16159999999999,0.11364750372112199,12.541296659672883,0.20474864446199245,1.422,0.04184519575964804,31.7,0.0,0.0026012588813122883,1.569195973475961e-05,0.0,0.0,1.0,0.0,20.037701625434472,0.2667731697484113,2.278,0.19617776195510622,31.7,0.0,0.0001933142506644858,7.386837150318576e-06,0.0,0.0,0.921,0.018322507626258085,15.759109328358209,0.5089307645292704,3.378,0.28805470002081485,31.558000000000003,0.10515294982615975,0.0026339552238805967,9.026410760439068e-05,0.0,0.0,0.812,0.0352252228741084,10.732352111382172,0.18125491270500266,0.8,0.0,31.662,0.0490314351478,84.32272574703235,0.2945477703209066,21.3308,0.3065265577600822,97.7394,0.1080515749868685,19.50258142588297,0.29053656649931314,3.09,0.4315373561998061,31.7,0.0,0.00016026959604359053,4.187965717631193e-06,0.0,0.0,0.879,0.020429070922964462,14.796296805111822,0.5313775833264766,4.058,0.38123858296722424,31.598000000000003,0.014142135623731405,0.004436741214057508,0.0001427853090766877,0.0,0.0,0.765,0.03704657851397128,15.363206350159505,0.1748493380232364,0.8,0.0,31.7,0.0,77.93653254766032,0.46290146906352164,11.9108,0.3835007383650392,97.2462,0.08231076007722231,14.442745479452055,0.30534978033233157,2.92,0.21570955529345004,31.7,0.0,0.013096712328767125,8.377059719116678e-05,0.0,0.0,0.932,0.010879675865519809,3.3143599999999998,0.166033284098615,0.8,0.0,9.176,0.43778664079336993,75.64234084507042,1.757878179670521,57.4472,1.9734131212036616,83.5802,1.5442354822014022,16.158655479452054,0.35308504942256996,3.48,0.27553287888551287,31.7,0.0,9.065981120823752,0.18972369951453869,16.271988527397262,0.41111468821844976,3.09,0.4315373561998061,31.7,0.0,9.402067907006932,0.18070809670479285,0.00010787671232876713,4.634211408667717e-05,0.17900000000000002,0.08926571204521239,0.00228236301369863,3.399623697118703e-05,0.879,0.020429070922964462,8.796825,0.5701354906323328,4.532,0.3548152724320368,15.338,0.7504801184330367,2.3962718586522893,0.10559699420342752,7.86680625,0.5637474096972598,4.238,0.40349999367776856,16.406,1.0479153260699288,2.340674939101609,0.13456168572956959,0.0097,0.0005819346691714403,0.674,0.03103651568914344,0.07744374999999999,0.00249208728646637,0.765,0.03704657851397128
16,MEL8_MUC-16TSS,examples/af3_fold_outputs/mel8_muc-16tss,0.6881999999999999,0.010437373975775866,0.6492,0.013678524804098091,0.6868,0.0055106575777102,0.7509999999999999,0.0050507627227610544,0.5034000000000001,0.02707585715755507,0.613,0.04841360915094443,0.737,0.005050762722761037,0.483,0.031118601301131393,0.5748,0.04267771965677222,0.6434000000000001,0.006262945776223689,0.7968000000000001,0.029722526329849057,0.0152,0.005046720495044486,79.8266385413894,0.295131289243951,16.587729781954096,0.2480902511007091,12.123674426375585,0.19460895852383606,0.8,0.0,31.69,0.030304576336565924,78.68203194706994,0.291174800650619,19.9146,2.1595012746238527,97.14040000000001,0.1506443304134407,12.425632587859425,0.18057466210914724,1.408,0.03404678653660857,31.7,0.0,0.0026129416813695104,1.7130606583085932e-05,0.0,0.0,1.0,0.0,20.991372807196896,0.46968041746002387,3.3939999999999997,0.4441961324478553,31.7,0.0,0.00020698221222653857,5.98376361294745e-06,0.0,0.0,0.873,0.025970941375282615,18.214344776119404,0.9844088198698497,5.05,0.5234305988731787,31.428,0.21192990755031768,0.0023365671641791047,0.00011649042548931576,0.0,0.0,0.691,0.031118601301131355,10.68732245914524,0.1725457014966902,0.8,0.0,31.651999999999997,0.05046720495044409,83.89704903806795,0.2812397349056693,20.1664,0.31870759421803024,97.8688,0.08858617388781218,20.5080547244956,0.48467414613344534,5.002,0.4770188033772992,31.7,0.0,0.0001937502735349468,4.845415695092774e-06,0.0,0.0,0.735,0.030050977097089444,17.346430990415335,1.0003258924121632,5.38,0.5162660285597903,31.594,0.023989793748208893,0.004410543130990415,0.00015518196095422706,0.0,0.0,0.6,0.051110125199995186,15.353678423719273,0.15861716360971956,0.8,0.0,31.7,0.0,77.46515383015598,0.43685408503312323,10.623800000000001,0.35755342115492617,97.4752,0.16141264143903306,15.461154246575342,0.7346393592252082,1.92,0.1807015805810503,31.7,0.0,0.01322054794520548,6.167644277852506e-05,0.0,0.0,0.9620000000000001,0.0040406101782088175,4.8741200000000005,0.6670122735461651,0.8,0.0,11.136,2.0746044619322954,69.69604,3.7537809449660906,42.139799999999994,4.560049449248533,85.8608,1.6448271914690398,17.305905821917808,0.5608174297115923,4.716,0.4887969404359972,31.695999999999998,0.019794866372215267,8.233134985462948,0.310797441953464,17.905692465753425,0.5846815198391193,5.257999999999999,0.526090703749295,31.695999999999998,0.019794866372215267,8.509661622784613,0.2634371100880668,0.00019726027397260273,2.0183611883303604e-05,0.263,0.04141625432664065,0.0024424657534246573,5.181754418188698e-05,0.735,0.030050977097089444,11.1714125,1.075579146691304,6.082000000000001,0.5113766932985698,20.222,2.2675429478640883,3.1738354925749857,0.45706939156758275,10.65961875,1.1128395174747254,5.484,0.5733396614110512,20.936,2.348839053225909,3.074094324677542,0.44270361026802163,0.010375,0.0006752739428996095,0.5980000000000001,0.052644359350537934,0.0760375,0.002711288288558312,0.5820000000000001,0.0477664385637157
17,MEL8_MelanA,examples/af3_fold_outputs/mel8_melana,0.733,0.005439837932759947,0.7162,0.006667006794044612,0.6801999999999999,0.006848208465261056,0.754,0.005714285714285743,0.6594,0.008668497975016055,0.8644,0.0061145527311521645,0.7353999999999999,0.005424810727442156,0.6779999999999999,0.011605769149479913,0.8473999999999999,0.015883504471171216,0.6682000000000001,0.005602477586036428,0.95,0.0,0.024399999999999998,0.005014265364224068,81.77438324900133,0.2161065581009325,15.487080767143432,0.13811334290569302,12.540350077968366,0.20879459690804617,0.8,0.0,31.695999999999998,0.019794866372215048,79.26807722117202,0.39224238875153006,17.6954,1.9871096947012028,97.88459999999999,0.09258663896202701,12.667098385866195,0.19469644843465425,1.378,0.04184519575964794,31.7,0.0,0.0026166014973058034,1.4445933842071383e-05,0.0,0.0,1.0,0.0,18.944770016356575,0.16440516021073567,1.446,0.07879189847507244,31.7,0.0,0.0001734410141075445,8.37811197252203e-06,0.0,0.0,0.9840000000000001,0.006700593942604929,12.543883208955224,0.19286254763826946,1.68,0.06700593942604895,31.526,0.2229761586962581,0.0018671641791044777,4.7083651763269944e-05,0.0,0.0,0.9739999999999999,0.006700593942604901,10.75112376363952,0.18186891162798338,0.8,0.0,31.671999999999997,0.04535573676110612,85.7010059762587,0.21999393256862212,20.497,0.4690557166330273,98.12200000000001,0.07264675505766183,18.157155035231302,0.18591880720928586,1.6159999999999999,0.08656718518596071,31.7,0.0,0.00014186178826206837,2.5282665420383066e-06,0.0,0.0,0.9739999999999999,0.006700593942604901,11.318620127795528,0.1969828474269242,1.7919999999999998,0.10069148678117772,31.598000000000003,0.014142135623731405,0.0042332268370607025,0.00015735978509252488,0.0,0.0,0.958,0.00755928946018452,14.999266188778384,0.19207686195834384,0.8,0.0,31.7,0.0,80.05001878682842,0.3711806812578846,10.1552,0.3295652052171101,98.62639999999999,0.03900601732752293,11.430767671232877,0.16243288019791824,1.186,0.03505098327538647,31.7,0.0,0.01372109589041096,4.187684031340942e-05,0.0,0.0,0.997,0.004629100498862732,1.9716000000000002,0.03040139631594551,0.8,0.0,5.518,0.15996173011705253,92.15916666666666,0.3760733509800569,77.7408,0.423063849091554,95.94120000000001,0.25517213077946355,14.94848116438356,0.30379729099613617,2.4619999999999997,0.14831020992280664,31.7,0.0,9.709184534924475,0.09915520927402109,14.148933047945206,0.38860036774614104,1.6159999999999999,0.08656718518596071,31.7,0.0,10.135322940252445,0.09994623087605815,5.2054794520547945e-05,2.240896769197414e-05,0.032,0.012616801237611212,0.0023429794520547944,4.838901831305888e-05,0.9739999999999999,0.006700593942604901,5.5516,0.28014738968796343,2.596,0.1049003414324904,13.19,0.7908275180248259,2.341915525255234,0.2016733664953626,4.39234375,0.32423272882945764,1.7919999999999998,0.10069148678117772,15.107999999999999,2.058614552933846,2.0942482474412025,0.29427264140532994,0.00635,0.0005753215604852509,0.39799999999999996,0.030572763655760997,0.07726875000000001,0.003057569698589821,0.958,0.00755928946018452
