tcr_epitope,seed_sample,overall_rmsd,chain_0_rmsd,chain_0_0_aligned_rmsd,chain_0_1_aligned_rmsd,chain_0_2_aligned_rmsd,chain_0_3_aligned_rmsd,chain_1_rmsd,chain_1_0_aligned_rmsd,chain_1_1_aligned_rmsd,chain_1_2_aligned_rmsd,chain_1_3_aligned_rmsd,chain_2_rmsd,chain_2_0_aligned_rmsd,chain_2_1_aligned_rmsd,chain_2_2_aligned_rmsd,chain_2_3_aligned_rmsd,chain_3_rmsd,chain_3_0_aligned_rmsd,chain_3_1_aligned_rmsd,chain_3_2_aligned_rmsd,chain_3_3_aligned_rmsd
index_0,seed-1_sample-0_seed-10_sample-4,3.0509989261627197,0.13183296,0.13203774,0.17963722,6.5624943,5.9343486,0.14492254,0.17912349,0.14496064,7.7380314,7.099202,0.9129478,5.931027,5.9130144,0.91310096,1.283236,0.013358754,1.3563434,1.3789526,0.22577722,0.015225122
index_0,seed-1_sample-0_seed-10_sample-0,2.650613784790039,0.21274118,0.21288228,0.25328848,5.870716,6.0037684,0.17997481,0.22153676,0.1800252,7.120945,7.178347,0.63139933,5.091066,4.9938974,0.6320638,0.76503485,0.010940116,1.4721494,1.5453253,0.1757142,0.011163154
index_0,seed-1_sample-0_seed-1_sample-1,1.3015856742858887,0.28599548,0.2862752,0.3172736,2.0222208,0.6342984,0.07823322,0.16583458,0.07828432,2.5812562,0.53104943,1.7341119,2.240277,2.2201114,1.7351283,2.1952379,0.0074692667,0.25816092,0.11787477,0.81046844,0.0076672775
index_0,seed-1_sample-0_seed-5_sample-4,3.0094714164733887,0.33820426,0.3385728,0.38171026,6.7396936,5.925398,0.12835208,0.18937258,0.12838419,7.816237,7.0103517,0.7327655,5.6181035,5.6362,0.7328933,1.1181613,0.020701628,1.5122405,1.5013977,0.22518003,0.021020813
index_0,seed-1_sample-0_seed-2_sample-4,0.7814057469367981,0.12661122,0.12669027,0.14527231,0.92911345,0.56140584,0.10501153,0.12883353,0.1051204,0.9381679,0.5658822,1.0674019,1.3717853,1.3850486,1.0683434,1.4083136,0.0074212323,0.21859983,0.2974561,0.31573477,0.009695939
index_0,seed-1_sample-0_seed-5_sample-2,2.875387191772461,0.22126828,0.22160397,0.27933332,6.147476,5.830373,0.1465425,0.20499259,0.14660433,7.192802,6.898463,0.75946593,5.781239,5.6041512,0.75960344,0.9932871,0.012405612,1.2602845,1.348966,0.24456888,0.012768578
index_0,seed-1_sample-0_seed-10_sample-1,2.6712546348571777,0.21268612,0.21301582,0.25142205,6.1861978,6.240743,0.17936042,0.2384729,0.17943056,7.0408773,7.1946464,0.9216794,5.3272834,5.25972,0.9223543,1.4797962,0.010277132,1.3132737,1.3067265,0.4373695,0.0106388945
index_0,seed-1_sample-0_seed-1_sample-4,0.5610559582710266,0.12102328,0.1211597,0.15236719,0.659203,0.3640034,0.11352127,0.14037485,0.113594286,0.7475289,0.46569917,0.7425617,0.9773828,1.0339662,0.74321884,0.9072857,0.004858337,0.19228867,0.22859748,0.24453118,0.0049983743
index_0,seed-1_sample-0_seed-10_sample-2,2.9583871364593506,0.12613359,0.1262206,0.14740102,6.5523267,6.107285,0.12339105,0.13991001,0.12341282,7.7717566,7.253936,0.62313193,5.8929963,5.8301635,0.6233588,0.966832,0.013138304,1.3067726,1.3326441,0.26961648,0.013353188
index_0,seed-1_sample-0_seed-2_sample-2,0.7943506240844727,0.061658308,0.061713275,0.13895398,0.99009985,0.19663182,0.1875086,0.21848829,0.18758361,0.9526385,0.2908252,1.023592,1.4726241,1.5544968,1.0246724,1.3719702,0.0075958734,0.062448144,0.21642195,0.30515617,0.011022366
index_0,seed-1_sample-0_seed-10_sample-3,2.9603731632232666,0.18286377,0.1829396,0.2811963,6.689374,6.152663,0.25919682,0.309932,0.25926337,7.735487,7.351043,0.7501923,5.7712836,5.7545605,0.7502264,1.0408388,0.011026943,1.3928658,1.4952978,0.1452489,0.01237313
index_0,seed-1_sample-0_seed-5_sample-1,3.2462940216064453,0.472067,0.47259423,0.5372272,7.123597,6.1219735,0.09263466,0.28491783,0.09272999,7.9947076,7.2290215,1.1919212,6.0292945,6.0235105,1.1921338,1.8180624,0.012798186,1.5199261,1.4325022,0.30693078,0.015503087
index_0,seed-1_sample-0_seed-2_sample-3,1.4879107475280762,0.15989183,0.16015686,0.19841842,2.392781,0.6149232,0.19745882,0.2239221,0.19751176,2.693986,0.7316705,1.9125156,2.5521572,2.6075852,1.9141554,2.5324192,0.007291594,0.26083726,0.33929607,0.67750657,0.010091652
index_0,seed-1_sample-0_seed-5_sample-0,3.013814687728882,0.16315463,0.16321218,0.1957217,7.1231575,5.864788,0.13716464,0.17027505,0.13721271,8.026996,6.946984,0.90075046,5.654812,5.560803,0.9011268,1.4811416,0.01948542,1.4020412,1.4849015,0.40485865,0.0196144
index_0,seed-1_sample-0_seed-1_sample-3,3.040752410888672,0.09587836,0.09600416,0.1312342,6.2516875,5.936668,0.14248914,0.16521586,0.14254881,7.1101866,6.8319917,0.85871226,5.7402973,5.6813126,0.85947967,1.3672919,0.01027133,1.3742476,1.3994534,0.4779458,0.011644939
index_0,seed-1_sample-0_seed-1_sample-2,0.400077223777771,0.13270478,0.13278839,0.15234482,0.6095631,0.41141763,0.102345884,0.11557324,0.10236236,0.64466596,0.4417197,0.53218573,0.7771065,0.80534816,0.53237337,0.57808095,0.0043673203,0.08248721,0.09498839,0.09498268,0.0045927144
index_0,seed-1_sample-0_seed-2_sample-1,1.3691953420639038,0.09015437,0.09018535,0.12212075,1.9820501,0.610027,0.14889345,0.17198804,0.14898208,2.5599117,0.6915155,1.8522384,2.3234336,2.3539133,1.8534812,2.3230474,0.010207297,0.26532137,0.38274935,0.8376311,0.0116946
index_0,seed-1_sample-0_seed-2_sample-0,0.44689568877220154,0.092754945,0.09277197,0.12508519,0.88190335,0.29406986,0.13394895,0.15340424,0.13398293,1.0357219,0.35140058,0.52829766,0.8153908,0.87476426,0.5286819,0.68660295,0.0074692667,0.08089533,0.069453694,0.25643197,0.008413054
index_0,seed-1_sample-0_seed-5_sample-3,3.0811846256256104,0.28279927,0.2830645,0.31464806,7.1259418,6.1069083,0.14530565,0.18134372,0.14539428,8.217745,7.2320266,0.88758105,5.7556996,5.7053003,0.88781303,1.3954244,0.020120505,1.4639382,1.5142131,0.29850793,0.021696363
index_0,seed-10_sample-4_seed-10_sample-0,0.8764938712120056,0.18747117,0.1876874,0.23997384,1.4346938,0.7283158,0.16301368,0.2065548,0.16304265,1.60661,0.7990757,1.0656997,1.7606001,1.8605621,1.0661721,1.7283515,0.0051790047,0.27878118,0.42137137,0.31467986,0.00975468
index_0,seed-10_sample-4_seed-1_sample-1,3.052136182785034,0.24911557,0.24924794,0.29114178,6.4249434,5.8392234,0.1360558,0.20115514,0.13606179,7.555523,7.0083604,2.485439,5.676712,5.5377398,2.4865954,3.1309524,0.013296141,1.2699531,1.3434613,1.028294,0.014674858
index_0,seed-10_sample-4_seed-5_sample-4,0.4808666706085205,0.27912146,0.27929503,0.31774068,0.5611472,0.63457173,0.1464545,0.18868157,0.14647162,0.48572424,0.5165858,0.6418399,0.9038123,0.8565315,0.6420502,0.7700806,0.014248278,0.32484704,0.2384708,0.26559502,0.01601517
index_0,seed-10_sample-4_seed-2_sample-4,3.2574779987335205,0.21752341,0.21776107,0.2726871,6.755884,5.714624,0.1880364,0.2364593,0.18810423,7.6667957,6.8862677,1.872317,6.1848464,6.215943,1.8731738,2.5723984,0.009685954,1.2754928,1.2840911,0.46673745,0.010975822
index_0,seed-10_sample-4_seed-5_sample-2,0.46951720118522644,0.16804533,0.1682313,0.24009827,0.6217885,0.3366596,0.14386788,0.18704242,0.14392135,0.799736,0.39198405,0.5784379,0.9288202,1.029053,0.57858175,0.68625474,0.0045149517,0.17235062,0.13790499,0.11167158,0.008154941
index_0,seed-10_sample-4_seed-10_sample-1,1.1496292352676392,0.13300991,0.13313374,0.16166547,1.2365067,1.400285,0.10386197,0.13687648,0.103878774,1.3933386,1.3972763,1.5935955,2.0296175,2.1409163,1.5942944,2.5731478,0.009430277,0.41129348,0.41337836,0.6549182,0.011155963
index_0,seed-10_sample-4_seed-1_sample-4,3.2491915225982666,0.14037813,0.14053798,0.20697497,6.6637044,5.8712983,0.18665151,0.21671526,0.1866838,7.6559453,7.056152,1.5235447,6.1634846,6.202664,1.52413,2.0881279,0.01149796,1.3398217,1.3512609,0.36409113,0.013341102
index_0,seed-10_sample-4_seed-10_sample-2,0.407694548368454,0.17881866,0.17908935,0.22852153,0.42498866,0.5530329,0.13717051,0.18064617,0.13718794,0.4308311,0.44908327,0.5792403,0.73237985,0.7680671,0.57930297,0.65200746,0.0056099244,0.15643606,0.13214937,0.09866473,0.009240825
index_0,seed-10_sample-4_seed-2_sample-2,3.285038471221924,0.15334594,0.15346539,0.1709163,6.9916873,5.9938583,0.13046283,0.16817081,0.13050482,7.944692,7.1617403,1.7120056,6.074917,6.10522,1.7127696,2.525654,0.009334987,1.3638084,1.3229373,0.44153437,0.010029301
index_0,seed-10_sample-4_seed-10_sample-3,0.44135114550590515,0.15054148,0.15067548,0.18952823,0.7081218,0.48077735,0.14610197,0.18550488,0.14612935,0.49914956,0.40320063,0.5612683,0.8840137,0.7313382,0.5615136,0.7369587,0.006477783,0.13094145,0.23152092,0.2161985,0.008567838
index_0,seed-10_sample-4_seed-5_sample-1,0.5624963641166687,0.3819222,0.38223734,0.45295188,1.5270848,0.47169843,0.114031166,0.26570928,0.11404384,1.5355177,0.26370627,0.5534383,0.9211432,0.96469885,0.5538372,0.8465169,0.0033829117,0.3622165,0.22741199,0.24365143,0.0041558947
index_0,seed-10_sample-4_seed-2_sample-3,2.8258590698242188,0.11113583,0.11116764,0.12753333,7.0780416,6.0125837,0.1977361,0.21120735,0.19777077,8.126353,7.1197553,2.6384475,5.220507,5.244518,2.6398895,3.3766878,0.007835355,1.3284789,1.3065412,0.9442647,0.008166482
index_0,seed-10_sample-4_seed-5_sample-0,0.6164337992668152,0.1424043,0.1424777,0.20817648,1.4010586,0.39857838,0.15878716,0.19782263,0.15883641,1.1898232,0.41659686,0.6755631,1.2514035,1.3725082,0.6761915,1.0174701,0.012826099,0.15849197,0.30943134,0.49971995,0.013827521
index_0,seed-10_sample-4_seed-1_sample-3,0.9125311374664307,0.11451343,0.11457601,0.15856966,1.6701965,3.2026658,0.118894845,0.14781651,0.1189587,1.5703665,3.0343282,1.3107607,1.6225399,1.6237121,1.311623,2.2493966,0.008148594,0.80661446,0.7350331,0.6982277,0.014120788
index_0,seed-10_sample-4_seed-1_sample-2,3.179243326187134,0.2085456,0.2088204,0.25349566,6.249639,5.7499743,0.20141008,0.23125003,0.2014326,7.433877,6.9203625,0.8578689,6.2800946,6.2725797,0.85815275,1.3216743,0.012236293,1.3514845,1.3874816,0.26806787,0.01385806
index_0,seed-10_sample-4_seed-2_sample-1,3.0003058910369873,0.15502867,0.155142,0.20303063,6.333018,5.7624664,0.14431524,0.17622285,0.14439474,7.49336,6.9310393,2.5631459,5.5391607,5.614447,2.5643508,3.2002437,0.0071596084,1.2920939,1.2909571,1.105205,0.0074013937
index_0,seed-10_sample-4_seed-2_sample-0,3.2288737297058105,0.173131,0.17324749,0.22438323,6.308054,5.8630276,0.15716523,0.18716918,0.15722372,7.463257,7.0866275,1.1740532,6.1193056,6.1849346,1.1745287,1.7053729,0.015195671,1.3845842,1.3685739,0.39605677,0.01690502
index_0,seed-10_sample-4_seed-5_sample-3,0.45541292428970337,0.22770134,0.22776692,0.2619579,1.0387189,0.3865922,0.11582594,0.14939304,0.115882345,1.0661302,0.3595746,0.5036389,0.75572157,0.81007546,0.50398713,0.64268625,0.011362379,0.227018,0.27906278,0.30345204,0.011575534
index_0,seed-10_sample-0_seed-1_sample-1,3.019904136657715,0.40353328,0.40389296,0.47460595,6.107092,5.8689404,0.14876893,0.29258192,0.14877717,7.484341,7.0371375,1.8569158,5.382133,5.1778164,1.8576206,2.2670095,0.010259718,1.3675991,1.50489,0.9363922,0.010747704
index_0,seed-10_sample-0_seed-5_sample-4,0.7340437173843384,0.42429498,0.42470092,0.50392705,1.7440542,0.5457184,0.18959823,0.30049485,0.1896258,1.8942076,0.4093593,0.72893614,1.2949678,1.3356011,0.7294473,1.3951359,0.013901017,0.27668163,0.28461033,0.2437423,0.014644682
index_0,seed-10_sample-0_seed-2_sample-4,2.9670209884643555,0.26389816,0.26407832,0.28903112,5.9640613,5.7486477,0.14776355,0.1854529,0.14779927,6.97085,6.925569,1.116358,5.5387297,5.4659553,1.1165794,1.3419639,0.009003461,1.3695444,1.3916718,0.31134835,0.012124023
index_0,seed-10_sample-0_seed-5_sample-2,0.6291267275810242,0.22374615,0.22399925,0.28405932,1.0301999,0.9329873,0.23759307,0.2708875,0.23763292,1.0042669,1.0652986,0.76954645,1.3073055,1.2578875,0.770105,1.3553411,0.0037505594,0.42153826,0.44149026,0.33074293,0.0048063197
index_0,seed-10_sample-0_seed-10_sample-1,0.6649742722511292,0.28474218,0.2851045,0.32694647,1.0183793,0.886128,0.15236507,0.23676875,0.15241659,0.9568552,0.8389541,0.80952394,1.2184682,1.3864226,0.8098543,1.2026564,0.0072588227,0.62120545,0.7237081,0.4365208,0.0082293395
index_0,seed-10_sample-0_seed-1_sample-4,2.897575616836548,0.12416116,0.12421073,0.14655069,5.886758,5.907741,0.14233637,0.15970361,0.14235328,6.980119,7.0884647,0.8466948,5.45794,5.408714,0.84685415,0.9029616,0.00843611,1.4231806,1.4630142,0.20752949,0.008958803
index_0,seed-10_sample-0_seed-10_sample-2,0.7617242932319641,0.14485054,0.14495467,0.16426626,1.2007109,1.0318769,0.12970094,0.14990392,0.12973244,1.3532925,1.0434699,0.90330595,1.6359026,1.711225,0.90370387,1.490337,0.003107403,0.40187633,0.42696476,0.32978773,0.0037533238
index_0,seed-10_sample-0_seed-2_sample-2,2.983254909515381,0.22289093,0.22297929,0.2680305,6.2565393,6.043912,0.23373297,0.25899562,0.23377855,7.276192,7.222116,0.86905766,5.4488416,5.4123993,0.8693336,1.093635,0.009108769,1.4831975,1.5149144,0.24448329,0.013054304
index_0,seed-10_sample-0_seed-10_sample-3,0.7184191942214966,0.11168569,0.111772716,0.22086681,1.7110285,0.9612155,0.2320307,0.26243272,0.2320845,1.8161199,0.9367892,0.7453169,1.4291707,1.5407934,0.74581015,1.3411738,0.0037505594,0.29051578,0.51514524,0.27403978,0.0065160505
index_0,seed-10_sample-0_seed-5_sample-1,1.1996138095855713,0.507701,0.50825655,0.61081755,2.950012,0.9549238,0.11350708,0.37335864,0.113565154,3.0820556,0.8833964,1.2705293,2.1807637,2.1907294,1.2713194,2.2659535,0.0037505594,0.2437372,0.23731208,0.44454506,0.0100345705
index_0,seed-10_sample-0_seed-2_sample-3,2.808418035507202,0.24313466,0.24333447,0.28938156,6.817171,6.0315576,0.22606806,0.2558572,0.22610153,8.010148,7.1253977,1.9206688,4.938045,4.8924694,1.9217198,2.5101092,0.0073566986,1.4089062,1.4411092,0.7822388,0.01104468
index_0,seed-10_sample-0_seed-5_sample-0,0.8945723176002502,0.1347126,0.13480283,0.16246243,2.5369432,0.5562571,0.094784245,0.11440001,0.094814576,2.5990014,0.62491935,0.9040176,1.6085651,1.6263249,0.9052128,1.7540565,0.012448778,0.19150476,0.22081557,0.43477342,0.012981052
index_0,seed-10_sample-0_seed-1_sample-3,0.867780864238739,0.19738694,0.19747682,0.23085994,2.6779969,2.6848683,0.17714551,0.19977687,0.17715427,2.664845,2.4057097,0.6450194,1.8960615,1.8846483,0.6455944,1.0322092,0.007666171,0.962867,0.9900512,0.45377383,0.008999881
index_0,seed-10_sample-0_seed-1_sample-2,2.7292211055755615,0.23546602,0.23557888,0.25725284,5.611161,5.8023424,0.1951438,0.22067557,0.19517817,6.88323,6.9677773,0.3453017,5.417064,5.3165865,0.34570795,0.52764887,0.008950343,1.468665,1.53802,0.112011105,0.009267863
index_0,seed-10_sample-0_seed-2_sample-1,2.9456093311309814,0.23364547,0.2337317,0.24973518,6.0709834,5.7857366,0.17732735,0.19275579,0.17734763,7.4342585,6.9484024,1.8706808,5.2044168,5.171823,1.8715647,2.3096597,0.008185085,1.3739358,1.3777963,0.95478535,0.010572839
index_0,seed-10_sample-0_seed-2_sample-0,2.847313404083252,0.24376374,0.24385247,0.2726621,5.640861,5.905484,0.2481496,0.27105016,0.24818817,6.9203496,7.1348724,0.7585384,5.3981743,5.373968,0.75917196,0.804912,0.011794797,1.5119082,1.5277859,0.24137717,0.0131523125
index_0,seed-10_sample-0_seed-5_sample-3,0.9381241202354431,0.34858796,0.34888315,0.41104662,2.23886,0.6365168,0.15388055,0.23396367,0.15392125,2.4621031,0.61603767,0.97235894,1.7056507,1.7240784,0.97315484,1.7526917,0.011693291,0.19373307,0.23699038,0.32405427,0.014664566
index_0,seed-1_sample-1_seed-5_sample-4,3.0884993076324463,0.12388513,0.123942204,0.15749724,6.3255,5.7824335,0.11608305,0.14826936,0.11611162,7.2965655,6.8894143,2.161173,5.481886,5.422512,2.1621664,2.8727052,0.019282473,1.383694,1.4558573,0.94651026,0.019658519
index_0,seed-1_sample-1_seed-2_sample-4,0.8745750784873962,0.30782363,0.30813703,0.3687654,1.6517786,0.36858964,0.13105439,0.2448696,0.1311087,1.9701672,0.3073871,1.0878568,1.4709734,1.5638694,1.0883833,1.374237,0.009108769,0.14521167,0.23342529,0.6218483,0.01056932
index_0,seed-1_sample-1_seed-5_sample-2,3.061929225921631,0.34991896,0.35022336,0.41188735,6.207598,5.7443266,0.18855417,0.28755704,0.18859531,7.3370013,6.8176665,2.362337,5.802958,5.5217533,2.3634136,2.9726233,0.012482249,1.1925279,1.3102428,1.0905986,0.013009749
index_0,seed-1_sample-1_seed-10_sample-1,3.103969097137451,0.14784838,0.14789386,0.20129645,6.3543506,6.0933747,0.1584824,0.20498355,0.15850022,7.2745614,7.0384355,1.2849683,5.7322955,5.5970335,1.2855965,1.5941403,0.0068272124,1.2867367,1.2980938,0.49102697,0.0072238706
index_0,seed-1_sample-1_seed-1_sample-4,1.017797589302063,0.35116798,0.35146412,0.40206644,1.7025182,0.47500142,0.09843721,0.21408185,0.09846018,2.049504,0.19004636,1.3249811,1.745909,1.7544284,1.3254144,1.7444141,0.0054042833,0.22459333,0.18363668,0.6782951,0.0054554697
index_0,seed-1_sample-1_seed-10_sample-2,3.058058738708496,0.37349308,0.3738482,0.42670715,6.6386676,6.0166755,0.13442332,0.24250083,0.1344562,7.851525,7.1716475,2.22709,5.7806807,5.602209,2.2280102,2.8867679,0.012844674,1.2380956,1.2992365,0.9956975,0.013172441
index_0,seed-1_sample-1_seed-2_sample-2,1.0471948385238647,0.31296378,0.31321478,0.36514983,1.7687355,0.5943542,0.1857254,0.28676262,0.18575078,2.1014435,0.44175205,1.4237125,1.7168822,1.7249463,1.4242871,1.7262735,0.008450229,0.27626166,0.16974777,0.7930528,0.010669257
index_0,seed-1_sample-1_seed-10_sample-3,3.100104570388794,0.3876931,0.3879566,0.4674925,6.3795304,6.0653157,0.22931312,0.3459393,0.22933897,7.4192724,7.2606454,2.2447987,5.7601614,5.5727463,2.245882,2.8300426,0.008569301,1.2982105,1.4486381,0.99681073,0.009914191
index_0,seed-1_sample-1_seed-5_sample-1,3.1123898029327393,0.25804347,0.25831446,0.30167213,6.4500566,6.0118985,0.07343053,0.15676464,0.07347948,7.1789103,7.1394506,2.6659818,5.6359463,5.6050296,2.6676614,3.3543277,0.012816802,1.3885589,1.3919723,1.0991126,0.014798646
index_0,seed-1_sample-1_seed-2_sample-3,0.6970232129096985,0.21085687,0.21106024,0.26152834,1.6501914,0.50079834,0.17854546,0.26256728,0.17856999,1.1689249,0.3919456,0.7868061,1.2960588,1.1799825,0.78734595,1.0563315,0.009808256,0.15064166,0.23109196,0.28786454,0.011287876
index_0,seed-1_sample-1_seed-5_sample-0,3.1115403175354004,0.31122318,0.311468,0.3757944,6.4604692,5.741691,0.13557525,0.2585898,0.13561973,7.2227674,6.833477,2.2213154,5.585045,5.4015713,2.2227967,2.950101,0.019680219,1.296667,1.4394679,0.854166,0.019741146
index_0,seed-1_sample-1_seed-1_sample-3,3.061960220336914,0.27660552,0.27683342,0.32405093,5.7031403,5.7756667,0.16691627,0.25059828,0.16693103,6.3526373,6.6067443,1.5338119,5.5636067,5.401491,1.5344819,1.8076458,0.011885411,1.3903109,1.3930029,0.5987919,0.0137303565
index_0,seed-1_sample-1_seed-1_sample-2,1.4183608293533325,0.37346414,0.37382135,0.41796127,1.9231795,0.5121366,0.09563055,0.1937172,0.09568916,2.4965334,0.24588495,1.9425052,2.3785126,2.444865,1.9434042,2.4080877,0.0049795113,0.1899986,0.12656231,0.8945548,0.005296437
index_0,seed-1_sample-1_seed-2_sample-1,0.4352125823497772,0.2585004,0.258776,0.32053408,0.6358007,0.3249078,0.16729718,0.2591577,0.16732067,0.42420667,0.27444306,0.5819968,0.70827967,0.7430081,0.5822713,0.63733083,0.013051823,0.11254765,0.2994056,0.13449992,0.013869776
index_0,seed-1_sample-1_seed-2_sample-0,1.124322533607483,0.3351458,0.33536845,0.3796328,1.3719213,0.47633564,0.19148424,0.25457802,0.19152172,1.7099354,0.30935323,1.5431106,1.857774,1.8912048,1.5439041,1.9588432,0.004528134,0.29528117,0.06536908,0.5946193,0.0057926914
index_0,seed-1_sample-1_seed-5_sample-3,3.050560474395752,0.15239124,0.15246302,0.20435083,6.65358,5.9818134,0.15875164,0.21993275,0.1588005,7.6114416,7.122567,2.2882206,5.504277,5.3660436,2.2894065,2.9862437,0.020499092,1.344298,1.467358,0.9006741,0.021648139
index_0,seed-5_sample-4_seed-2_sample-4,3.2524187564849854,0.36673117,0.36713767,0.43926197,6.78593,5.6759715,0.17235953,0.25894734,0.17244308,7.491604,6.7717214,1.5830292,5.9235473,5.997737,1.5837791,2.3134146,0.018538618,1.404027,1.3773831,0.4195697,0.01941296
index_0,seed-5_sample-4_seed-5_sample-2,0.5514602065086365,0.34472093,0.34502992,0.3918978,0.90505964,0.8379869,0.1379729,0.21489084,0.13799861,1.0415237,0.73119634,0.6615419,1.1285694,0.94976026,0.6618444,0.8595903,0.012313984,0.48335356,0.2468215,0.33966282,0.012795635
index_0,seed-5_sample-4_seed-10_sample-1,0.9751235246658325,0.1840717,0.1841352,0.23389108,1.3384014,1.0970168,0.21369317,0.24612223,0.21371785,1.4798203,1.0837743,1.2919699,1.763302,1.7764809,1.2925084,2.192594,0.013323012,0.66657424,0.6162055,0.4838607,0.013519136
index_0,seed-5_sample-4_seed-1_sample-4,3.221726655960083,0.38952914,0.3898722,0.45348758,6.7362895,5.842927,0.12068405,0.21922609,0.12071627,7.550314,6.940841,1.2535572,5.8840003,5.9617014,1.2540022,1.8138825,0.019655975,1.4803352,1.4491122,0.29707372,0.01992684
index_0,seed-5_sample-4_seed-10_sample-2,0.5783241391181946,0.41584954,0.41628337,0.48032838,0.8410156,1.0792754,0.19423746,0.27289215,0.19424383,0.7831656,0.8440401,0.7251906,1.1436633,1.0122285,0.7253936,0.927843,0.01326023,0.464163,0.30995476,0.3201602,0.013695702
index_0,seed-5_sample-4_seed-2_sample-2,3.2752685546875,0.3570373,0.35735816,0.4031864,7.0536647,5.9728694,0.13423738,0.22033846,0.13427474,7.8017845,7.063455,1.4588976,5.8193874,5.8936214,1.4596645,2.2483332,0.019384213,1.5216517,1.4375348,0.4124389,0.02097329
index_0,seed-5_sample-4_seed-10_sample-3,0.4219726622104645,0.40763143,0.40795496,0.47916713,0.5901108,1.0178989,0.20643602,0.30443355,0.20647293,0.33780092,0.7467109,0.43344337,0.9338923,0.6213697,0.43368462,0.5383862,0.014790167,0.36749598,0.25705388,0.19781427,0.015873069
index_0,seed-5_sample-4_seed-5_sample-1,0.6144248843193054,0.18577194,0.18594816,0.23171331,1.2898023,0.70770806,0.111653395,0.1986199,0.11167026,1.2689017,0.64517957,0.77644867,1.0833173,1.1188158,0.776825,1.1154115,0.01253942,0.16485459,0.20211172,0.31389222,0.015234678
index_0,seed-5_sample-4_seed-2_sample-3,2.8430323600769043,0.22574238,0.22596708,0.26342496,7.0218277,5.9720097,0.09723481,0.17006578,0.09728428,7.8895936,6.992215,2.3113103,5.0036106,5.1010337,2.3127458,3.1613414,0.017591683,1.4509269,1.3890606,0.84478307,0.018952765
index_0,seed-5_sample-4_seed-5_sample-0,0.45156797766685486,0.3201694,0.32048434,0.3897262,1.0264268,0.51859194,0.14937969,0.24300943,0.14942536,0.777108,0.3353795,0.4339529,1.0065863,0.94260085,0.43441573,0.62489915,0.013732774,0.24753496,0.14547607,0.26185986,0.0142286
index_0,seed-5_sample-4_seed-1_sample-3,0.7440367937088013,0.30433285,0.304616,0.34590226,1.6381656,2.8245566,0.14553836,0.20670097,0.1455673,1.4365548,2.6352587,0.92426,1.3641291,1.3818164,0.9249295,1.8197837,0.017615385,1.0097594,0.8738914,0.47377163,0.0186556
index_0,seed-5_sample-4_seed-1_sample-2,3.1092922687530518,0.4401135,0.44053873,0.5014255,6.4277844,5.7335143,0.18614143,0.25620794,0.18616663,7.493639,6.8116894,0.6468365,5.923377,5.950163,0.6470107,1.0547444,0.018503219,1.4927001,1.5052091,0.18253526,0.018734645
index_0,seed-5_sample-4_seed-2_sample-1,3.022209882736206,0.30437726,0.30472386,0.36699715,6.2768903,5.719636,0.15060449,0.22448485,0.15066855,7.257518,6.8084197,2.1986759,5.323712,5.451283,2.1997879,2.92211,0.019189516,1.4087884,1.3632607,0.9992817,0.020086784
index_0,seed-5_sample-4_seed-2_sample-0,3.185560703277588,0.38888332,0.38918245,0.43413073,6.396374,5.8368354,0.21117467,0.2562301,0.21120167,7.416926,6.9808536,0.97321045,5.8283663,5.9232693,0.9733932,1.4287605,0.020370752,1.5435506,1.484038,0.25766024,0.020943949
index_0,seed-5_sample-4_seed-5_sample-3,0.38242408633232117,0.10441525,0.104536064,0.13500032,0.66302925,0.50373226,0.12843366,0.15417872,0.12847619,0.6867217,0.4433657,0.49084932,0.7098034,0.6430904,0.49103746,0.6062489,0.012299455,0.14159101,0.102650404,0.10435675,0.014813701
index_0,seed-2_sample-4_seed-5_sample-2,3.134647846221924,0.3235116,0.3239111,0.3757789,6.339319,5.6158676,0.18681979,0.24393357,0.18686338,7.143863,6.694627,1.6309247,6.1345606,6.0060167,1.6316088,2.2428296,0.010294516,1.1976668,1.2480158,0.5031354,0.0123804705
index_0,seed-2_sample-4_seed-10_sample-1,3.0005037784576416,0.26907387,0.2694132,0.32087812,6.3623924,5.9988346,0.20500644,0.2845418,0.20508489,6.8839083,6.9465747,0.7023732,5.8629284,5.8449597,0.70264906,1.0975252,0.00958077,1.2917999,1.2882103,0.27738616,0.010805156
index_0,seed-2_sample-4_seed-1_sample-4,0.3389745056629181,0.2015332,0.20171389,0.22260188,0.37278616,0.37112492,0.10173787,0.14373977,0.101800345,0.25223628,0.32989177,0.4592217,0.5440316,0.5231837,0.4593932,0.67337424,0.007275227,0.113131024,0.11713038,0.12857799,0.009120459
index_0,seed-2_sample-4_seed-10_sample-2,3.1858713626861572,0.15354556,0.15363614,0.16087955,6.768001,5.8929214,0.115316994,0.1264834,0.11542018,7.7731495,7.055807,1.509159,6.203969,6.1889834,1.5098975,2.1918988,0.011399041,1.2351698,1.2318271,0.46198347,0.013388168
index_0,seed-2_sample-4_seed-2_sample-2,0.42561212182044983,0.14341295,0.14351457,0.20542146,0.57354826,0.549607,0.2402103,0.2609769,0.2402539,0.6095873,0.55891055,0.54458547,0.8276062,1.0288941,0.54476464,0.59880745,0.004200354,0.23358166,0.35746032,0.15520805,0.005714187
index_0,seed-2_sample-4_seed-10_sample-3,3.2229928970336914,0.27191815,0.2720516,0.35922787,6.7647247,5.9352703,0.30194372,0.3497292,0.3020196,7.491852,7.145979,1.6691079,6.147533,6.1503143,1.6698679,2.2858543,0.009245164,1.3036208,1.392219,0.47262764,0.011572898
index_0,seed-2_sample-4_seed-5_sample-1,3.399625301361084,0.5197831,0.52036697,0.609019,7.22435,5.898529,0.114306405,0.3451768,0.11442858,7.7276874,7.018941,2.153827,6.226262,6.3130054,2.1550703,3.0141654,0.010125215,1.4037958,1.2975957,0.6090397,0.012069835
index_0,seed-2_sample-4_seed-2_sample-3,1.1408385038375854,0.22817563,0.22851925,0.28082454,2.3740685,0.5554442,0.22694315,0.2604208,0.22699594,2.3585713,0.6001082,1.2819284,2.046954,2.1527474,1.2826807,1.8042098,0.0049313987,0.15427352,0.26068443,0.5403355,0.0062263845
index_0,seed-2_sample-4_seed-5_sample-0,3.270066261291504,0.20965286,0.20979217,0.23588552,7.188679,5.61885,0.09061202,0.13310675,0.09069714,7.68237,6.71132,1.747755,6.0236683,5.9553385,1.7490752,2.5935338,0.018857393,1.3037169,1.3410808,0.525446,0.019504044
index_0,seed-2_sample-4_seed-1_sample-3,3.2537457942962646,0.18389542,0.18407069,0.21742007,6.2452817,5.7058926,0.15446067,0.18330319,0.15448122,6.617495,6.5509114,1.1343545,6.0194855,6.012031,1.1347331,1.443608,0.007025144,1.3959905,1.4256341,0.39920604,0.012712766
index_0,seed-2_sample-4_seed-1_sample-2,0.8773720860481262,0.1628064,0.16287528,0.1761749,0.87518305,0.32319304,0.13840438,0.1546026,0.13853611,0.7547803,0.30266568,1.252575,1.4849539,1.4843205,1.2531399,1.6121932,0.008214162,0.17119582,0.24830507,0.32494548,0.010178628
index_0,seed-2_sample-4_seed-2_sample-1,0.951401948928833,0.11156463,0.11167625,0.13470075,1.5380075,0.2335306,0.15567137,0.17090988,0.15568922,1.8670657,0.31220973,1.2413925,1.6239396,1.6406219,1.242111,1.5551411,0.008257586,0.111528754,0.13176233,0.61786884,0.009376713
index_0,seed-2_sample-4_seed-2_sample-0,0.6417510509490967,0.17501998,0.17508894,0.19373359,0.9577317,0.40736556,0.17585357,0.19394025,0.17589714,0.6703524,0.44646847,0.8899439,1.0786494,1.0444319,0.89081365,1.2065735,0.009392277,0.27479643,0.24529248,0.18856351,0.010214242
index_0,seed-2_sample-4_seed-5_sample-3,3.283562183380127,0.31094804,0.31126305,0.36322856,7.211353,5.8703732,0.15036353,0.20750776,0.1504038,7.974868,7.008879,1.7895103,6.0262804,6.0211225,1.7905338,2.57264,0.018692309,1.3581536,1.3732349,0.46883222,0.019766666
index_0,seed-5_sample-2_seed-10_sample-1,0.9477424025535583,0.24406661,0.24436176,0.27934727,0.84623677,1.5903826,0.22102556,0.2647343,0.22108434,0.6573615,1.6347511,1.383198,1.5748256,1.562449,1.3838093,2.2771494,0.008300781,0.34465426,0.47901016,0.7124628,0.008706638
index_0,seed-5_sample-2_seed-1_sample-4,3.1052958965301514,0.17921622,0.17941421,0.23582207,6.250171,5.7749176,0.19471805,0.22955446,0.19474402,7.1309395,6.8674803,1.3051012,6.0863185,5.977111,1.305598,1.7639449,0.01063624,1.2617443,1.3181269,0.4090166,0.011217346
index_0,seed-5_sample-2_seed-10_sample-2,0.4693465828895569,0.26069367,0.261033,0.31443056,0.7078282,0.48418275,0.19506533,0.23873313,0.19510819,0.769762,0.4939113,0.6009869,0.7461734,0.8314771,0.6011562,0.6595136,0.0029900998,0.103586525,0.13604347,0.116846755,0.0033860565
index_0,seed-5_sample-2_seed-2_sample-2,3.161365032196045,0.20825164,0.20852773,0.28461087,6.597038,5.8941703,0.13334607,0.19237393,0.1333857,7.41781,6.9680624,1.3940728,6.043283,5.9584966,1.3948805,2.1303906,0.01028293,1.2680682,1.2919163,0.45801136,0.013198174
index_0,seed-5_sample-2_seed-10_sample-3,0.41864508390426636,0.15746757,0.15770485,0.29195496,0.9873874,0.45959008,0.23389149,0.28386575,0.23394634,0.99151516,0.6021523,0.43811357,0.63827276,0.7936087,0.43827873,0.6147064,0.0057151853,0.23469892,0.24830966,0.24782573,0.0070449985
index_0,seed-5_sample-2_seed-5_sample-1,0.7753715515136719,0.41172817,0.41206887,0.47117132,1.8753726,0.5847947,0.16538382,0.32014495,0.16542415,2.0494819,0.41184145,0.7447699,1.4516069,1.2988869,0.7449606,1.1687777,0.0034526698,0.50529975,0.23868468,0.28548846,0.008741716
index_0,seed-5_sample-2_seed-2_sample-3,2.827056646347046,0.16902888,0.16914417,0.22075875,6.9139943,5.9262614,0.18276915,0.21075912,0.1827917,7.892578,6.941429,2.4334087,5.3212476,5.243724,2.4349465,3.193448,0.008464324,1.2567459,1.2698079,0.9553444,0.011064454
index_0,seed-5_sample-2_seed-5_sample-0,0.690427303314209,0.1880086,0.18819511,0.2151541,1.7468942,0.48445156,0.18507351,0.20415823,0.18511742,1.7309899,0.50808746,0.7516232,1.1743639,1.1735357,0.7522651,1.2045274,0.01063624,0.292375,0.27497262,0.57301986,0.011135809
index_0,seed-5_sample-2_seed-1_sample-3,0.9010140895843506,0.15679103,0.15700084,0.17900015,1.7743065,3.3994424,0.09962511,0.11937743,0.09965814,1.7971501,3.238336,1.1613282,1.8727287,1.881103,1.1621574,2.0232072,0.007835355,0.772777,0.8177238,0.7429421,0.009327657
index_0,seed-5_sample-2_seed-1_sample-2,2.983804941177368,0.30458733,0.3049556,0.37132376,5.848427,5.645779,0.23678797,0.28858513,0.23684219,6.896624,6.724094,0.5463684,6.131163,5.951752,0.5466794,0.929576,0.010758821,1.2600217,1.3538176,0.2919473,0.010981626
index_0,seed-5_sample-2_seed-2_sample-1,2.9943926334381104,0.23771642,0.23797753,0.2682036,6.139225,5.6696806,0.12073077,0.15328965,0.12079263,7.2519636,6.74912,2.388185,5.621242,5.561549,2.3894725,3.0150218,0.008822906,1.2200502,1.2499907,1.1353961,0.010397609
index_0,seed-5_sample-2_seed-2_sample-0,3.0720460414886475,0.22172382,0.2220079,0.2503552,5.9186187,5.7615805,0.131122,0.1636382,0.13116238,6.9731693,6.895392,1.0575254,6.0506897,5.965959,1.057988,1.4635535,0.013999288,1.2836154,1.3369784,0.45759508,0.014981768
index_0,seed-5_sample-2_seed-5_sample-3,0.6548284292221069,0.29392132,0.29413757,0.31837943,1.4564309,0.54436916,0.11879993,0.15594876,0.11882678,1.6852584,0.58255476,0.6952115,1.1480693,1.1246939,0.69558316,0.97199523,0.010195612,0.37956798,0.2759702,0.3792392,0.01295472
index_0,seed-10_sample-1_seed-1_sample-4,2.905308723449707,0.24875729,0.24906863,0.28214407,6.2361712,6.1399336,0.21543561,0.2622225,0.21546502,6.877181,7.092821,0.5911434,5.7157407,5.720174,0.59133667,1.0276215,0.008562343,1.3382992,1.3243119,0.3045101,0.0088484045
index_0,seed-10_sample-1_seed-10_sample-2,0.9839963912963867,0.28081402,0.28120083,0.32123858,0.9304302,1.6461188,0.13604394,0.22141185,0.13610277,1.1453972,1.5400046,1.3754542,1.6907343,1.7415451,1.3761083,2.3352718,0.009121846,0.39456627,0.4106722,0.67458045,0.009399655
index_0,seed-10_sample-1_seed-2_sample-2,3.0240278244018555,0.24429536,0.24454656,0.28780162,6.6255007,6.263916,0.20772395,0.27901995,0.20775172,7.1773567,7.2247224,0.6430922,5.7624,5.796723,0.6437287,0.9920886,0.008957,1.3175579,1.2782804,0.41006672,0.011085131
index_0,seed-10_sample-1_seed-10_sample-3,0.9459204077720642,0.2667098,0.26698574,0.33066574,1.0846512,1.603379,0.19472633,0.2727406,0.19473267,1.254494,1.4663254,1.3400925,1.5385369,1.7326485,1.340638,2.1285748,0.0061666653,0.49849725,0.5871062,0.56040394,0.0073296023
index_0,seed-10_sample-1_seed-5_sample-1,1.3891452550888062,0.28566453,0.28590897,0.3434217,2.572934,1.5227962,0.1412396,0.2253761,0.1412433,2.6510398,1.497341,1.8090756,2.4333243,2.3437493,1.8099616,2.9841666,0.008562343,0.7109264,0.58160913,0.7119765,0.011134213
index_0,seed-10_sample-1_seed-2_sample-3,3.015815258026123,0.13547283,0.13563584,0.17037885,7.141733,6.2462897,0.26943642,0.30686933,0.2694629,7.777503,7.1084704,1.5164688,5.4190784,5.4786468,1.5177026,2.150121,0.00921934,1.3371862,1.311202,0.38562062,0.010757677
index_0,seed-10_sample-1_seed-5_sample-0,1.0189310312271118,0.21187979,0.21212845,0.2498473,1.8768605,1.3194144,0.18070309,0.2442261,0.18076742,2.0283468,1.3008698,1.3587701,1.6683211,1.714982,1.3597306,2.3380141,0.014583188,0.5655047,0.6801144,0.46265626,0.014816787
index_0,seed-10_sample-1_seed-1_sample-3,0.9504624605178833,0.19749644,0.19771416,0.22239377,2.6350987,2.189291,0.17831966,0.22668199,0.17837152,2.3613572,1.8960621,0.6618238,2.067273,2.2082915,0.6619628,0.7150166,0.010836104,0.47230193,0.45926285,0.18710902,0.012733315
index_0,seed-10_sample-1_seed-1_sample-2,2.742866039276123,0.29783085,0.29821122,0.33983186,5.9140334,6.0524254,0.20102166,0.2603792,0.20105264,6.787873,6.983528,0.9211064,5.638811,5.561823,0.92150855,1.4435416,0.007501119,1.3197901,1.3233196,0.43724495,0.0077178413
index_0,seed-10_sample-1_seed-2_sample-1,3.093371629714966,0.2069019,0.20715894,0.23972896,6.404326,6.021069,0.18395998,0.2366952,0.18402404,7.2428846,6.9503074,1.4239769,5.6300445,5.6860023,1.4248773,1.7947742,0.012299455,1.3121134,1.3126721,0.48047587,0.013083762
index_0,seed-10_sample-1_seed-2_sample-0,2.8283820152282715,0.2655792,0.2658155,0.29378328,5.892225,6.128775,0.19032356,0.23425594,0.19039148,6.7587175,7.130504,0.72294456,5.5965605,5.6263237,0.723341,1.0589517,0.009605623,1.3268338,1.3105419,0.2242,0.010343481
index_0,seed-10_sample-1_seed-5_sample-3,1.1096389293670654,0.15250942,0.15254055,0.19419105,1.712286,1.255021,0.16997288,0.2120399,0.1700257,2.03166,1.237367,1.4637368,1.9004053,1.9495798,1.4644994,2.4803433,0.015429224,0.60599905,0.6671137,0.5101849,0.016972888
index_0,seed-1_sample-4_seed-10_sample-2,3.1591482162475586,0.11611498,0.11623705,0.1338792,6.644337,6.0491414,0.16521809,0.17797455,0.1652518,7.7207103,7.219486,1.1469576,6.1560273,6.1499906,1.1474744,1.685827,0.01087454,1.2962888,1.2968739,0.37321377,0.01122171
index_0,seed-1_sample-4_seed-2_sample-2,0.455006867647171,0.121728405,0.12180863,0.20879337,0.6032976,0.30688354,0.21188699,0.24791633,0.21191838,0.5800851,0.4102473,0.581386,0.91760164,1.0660552,0.5817761,0.7076972,0.0071010934,0.22179669,0.34713897,0.15756448,0.00999637
index_0,seed-1_sample-4_seed-10_sample-3,3.1848502159118652,0.10520603,0.105221964,0.2550058,6.7172856,6.091095,0.2704006,0.3106333,0.2704331,7.5413427,7.3103695,1.3590409,6.0842,6.1115932,1.3594913,1.8261467,0.0075407447,1.3696433,1.4689629,0.36656958,0.009194646
index_0,seed-1_sample-4_seed-5_sample-1,3.412527561187744,0.49248782,0.4929599,0.56720877,7.184516,6.058052,0.09981903,0.30830625,0.099863924,7.7893558,7.186971,1.8285606,6.224747,6.30016,1.8294196,2.5958323,0.011113092,1.476073,1.3712629,0.50415725,0.013703587
index_0,seed-1_sample-4_seed-2_sample-3,1.278948187828064,0.18485314,0.18499976,0.2381115,2.3427587,0.3574497,0.15995504,0.19366238,0.15998352,2.3748026,0.35474667,1.5641602,2.2713957,2.3265083,1.5649825,2.177082,0.006605346,0.15712656,0.26497474,0.59302413,0.009028188
index_0,seed-1_sample-4_seed-5_sample-0,3.2236199378967285,0.13449174,0.13451816,0.14777137,7.1292176,5.787269,0.10713841,0.12110882,0.10717801,7.750083,6.8848524,1.4190698,5.9539585,5.901411,1.4200215,2.1263752,0.018873192,1.3700787,1.4162827,0.4413712,0.018982211
index_0,seed-1_sample-4_seed-1_sample-3,3.2359516620635986,0.11257749,0.11262376,0.14858794,6.2128625,5.789329,0.16780213,0.18435541,0.16781533,6.728009,6.655119,0.9621739,5.9909363,5.9794965,0.96243817,1.27054,0.00951209,1.4210007,1.4377284,0.39169058,0.011536925
index_0,seed-1_sample-4_seed-1_sample-2,0.6620461344718933,0.16422784,0.1643919,0.18417118,0.6434542,0.2627282,0.13899693,0.15683801,0.13907222,0.5467955,0.24600282,0.9460149,1.1099502,1.1314065,0.94632447,1.1194074,0.0032018742,0.14338307,0.15916789,0.22096768,0.0036093113
index_0,seed-1_sample-4_seed-2_sample-1,1.1046340465545654,0.15571865,0.15578264,0.17080827,1.5963061,0.3280381,0.15754926,0.17453787,0.15756276,1.9565095,0.30394658,1.4939648,1.8839167,1.8666182,1.4945458,1.922384,0.009347749,0.13512525,0.18027379,0.6775912,0.010652722
index_0,seed-1_sample-4_seed-2_sample-0,0.4143452048301697,0.13581155,0.13588713,0.16362932,0.7590612,0.23390405,0.22498195,0.2427321,0.22502218,0.5901069,0.28375345,0.53386885,0.6896204,0.6467171,0.5345585,0.69214535,0.0060001006,0.2583137,0.1750776,0.1279059,0.006984395
index_0,seed-1_sample-4_seed-5_sample-3,3.2654101848602295,0.32395962,0.3241779,0.37359172,7.1489735,6.0324016,0.16082914,0.21651225,0.16085714,8.008124,7.1739216,1.4418246,5.988681,5.9906673,1.4425248,2.0947454,0.019014778,1.4298006,1.4498521,0.36094245,0.020436062
index_0,seed-10_sample-2_seed-2_sample-2,3.2049031257629395,0.13946387,0.13952443,0.19148067,7.0218053,6.170815,0.2360723,0.25508884,0.23612754,8.069125,7.3228726,1.4027169,6.094723,6.1165366,1.4033892,2.1526031,0.011278134,1.3118562,1.2916849,0.41113135,0.013999714
index_0,seed-10_sample-2_seed-10_sample-3,0.5285223722457886,0.155869,0.15594985,0.2559731,0.6880505,0.2331648,0.2615117,0.29961485,0.26155064,0.7089235,0.36918315,0.7398105,0.84105796,0.89420503,0.7399809,0.94343615,0.005736006,0.16650623,0.32493123,0.28845978,0.0070010656
index_0,seed-10_sample-2_seed-5_sample-1,0.8169190287590027,0.53924316,0.53983945,0.6230867,1.7886995,0.73556817,0.10311453,0.3358377,0.10316779,1.783808,0.28820068,0.99321645,1.3966677,1.2191093,0.993583,1.28711,0.0040412466,0.49706894,0.2150166,0.3239839,0.009294046
index_0,seed-10_sample-2_seed-2_sample-3,2.836557388305664,0.23697627,0.23724703,0.27941415,7.411702,6.1904297,0.26053628,0.28411078,0.2605738,8.49102,7.2857637,2.3995085,5.3449755,5.3500786,2.4007127,3.1381485,0.009455525,1.2927562,1.2712497,0.88683486,0.011938206
index_0,seed-10_sample-2_seed-5_sample-0,0.6908792853355408,0.15575914,0.15586175,0.17738612,1.4302204,0.69404393,0.11178322,0.13150124,0.111796066,1.343592,0.6873395,0.8850489,1.2593269,1.2980236,0.88571656,1.3040252,0.010119327,0.27160946,0.32310885,0.5657473,0.010673461
index_0,seed-10_sample-2_seed-1_sample-3,0.9625807404518127,0.16922596,0.16935073,0.19688031,2.2470024,3.5761101,0.15936458,0.17712672,0.15940219,2.1148708,3.2701206,1.2544045,1.8838246,1.9168808,1.255213,2.149345,0.009128379,0.7990547,0.7865364,0.7242846,0.010474673
index_0,seed-10_sample-2_seed-1_sample-2,3.0872554779052734,0.12926589,0.12930682,0.14106348,6.252616,5.9196787,0.14571542,0.1532218,0.1457432,7.4929743,7.0783496,0.75873554,6.2459316,6.1804633,0.75896037,1.1621,0.011214536,1.3069369,1.3348343,0.31049123,0.011350755
index_0,seed-10_sample-2_seed-2_sample-1,3.0015125274658203,0.1666078,0.1666601,0.17804445,6.5898337,5.939808,0.18014486,0.18934526,0.18021107,7.803514,7.1014953,2.3429089,5.6397085,5.671552,2.3439257,2.9807885,0.009655137,1.2579057,1.241105,1.0394026,0.011277712
index_0,seed-10_sample-2_seed-2_sample-0,3.1354222297668457,0.16119929,0.1612535,0.17999622,6.288458,6.035328,0.15925837,0.1733291,0.15930648,7.516783,7.246878,0.89752156,6.099633,6.128581,0.8981517,1.4316764,0.014418772,1.3311154,1.3251889,0.44130096,0.015213227
index_0,seed-10_sample-2_seed-5_sample-3,0.584990382194519,0.34562397,0.34595448,0.39287817,1.1373348,0.63955694,0.1482698,0.20456317,0.14831978,1.2128192,0.48727545,0.7025597,1.0098801,0.97246474,0.7029876,0.93833053,0.009480707,0.36203477,0.3150544,0.36747304,0.012631737
index_0,seed-2_sample-2_seed-10_sample-3,3.2491278648376465,0.1868454,0.18688494,0.21529937,7.053617,6.213222,0.13400307,0.16390608,0.1340468,7.77774,7.4137697,1.482057,6.046991,6.021788,1.4828267,2.201314,0.008583201,1.3978305,1.4096414,0.4696647,0.010918965
index_0,seed-2_sample-2_seed-5_sample-1,3.4305641651153564,0.4898098,0.4902672,0.57192105,7.4583564,6.182319,0.18264566,0.37029627,0.18266661,7.958314,7.295777,1.9825141,6.1186414,6.2370644,1.9836872,3.0212991,0.01044397,1.532088,1.3915215,0.6231566,0.011153861
index_0,seed-2_sample-2_seed-2_sample-3,1.1493147611618042,0.17299566,0.17318487,0.19124182,2.103468,0.51167893,0.13635749,0.15149866,0.13637468,2.226167,0.5699541,1.4254746,1.9504372,1.9761229,1.4261712,1.9946605,0.00550265,0.27513537,0.26615968,0.67902684,0.0057140607
index_0,seed-2_sample-2_seed-5_sample-0,3.3166675567626953,0.17494789,0.17496969,0.23751529,7.4771175,5.9189305,0.21721973,0.24224468,0.21728666,7.9777055,7.005659,1.6186122,5.967652,5.9364743,1.620009,2.554234,0.01826655,1.4102004,1.4343408,0.58349603,0.019280847
index_0,seed-2_sample-2_seed-1_sample-3,3.2458696365356445,0.09241438,0.09249012,0.15284036,6.4484167,5.918198,0.12773538,0.1558447,0.12777612,6.8931613,6.8224444,1.0223436,5.8291354,5.8016357,1.0229547,1.3169591,0.00839361,1.3646117,1.3507377,0.49733672,0.015321268
index_0,seed-2_sample-2_seed-1_sample-2,0.8345015048980713,0.14479455,0.14488365,0.20140918,1.1739589,0.4268623,0.267937,0.2930714,0.2679929,0.9993591,0.48551172,1.0226698,1.6079773,1.7259573,1.0233364,1.431016,0.008300781,0.10739688,0.27684852,0.31027043,0.011187987
index_0,seed-2_sample-2_seed-2_sample-1,1.0550942420959473,0.1010924,0.10110589,0.16622284,1.5929853,0.561632,0.1371,0.1629194,0.13713746,1.991123,0.5830201,1.4483594,1.7617413,1.8352363,1.4490262,1.8014573,0.0082359025,0.28910458,0.4082049,0.7867227,0.009131395
index_0,seed-2_sample-2_seed-2_sample-0,0.6852888464927673,0.0724346,0.072450995,0.16406319,1.1818918,0.20973459,0.20477442,0.23504858,0.20481254,0.887487,0.28073013,0.89674276,1.22272,1.2839326,0.8978348,1.1594359,0.010125215,0.060418725,0.1838343,0.26354915,0.012005085
index_0,seed-2_sample-2_seed-5_sample-3,3.3093643188476562,0.30305433,0.30325755,0.34018672,7.4510345,6.1618075,0.14989662,0.19389302,0.14993049,8.223701,7.289976,1.6618913,5.9268765,5.933338,1.6629695,2.542885,0.01874326,1.4733664,1.4575856,0.48924768,0.019183598
index_0,seed-10_sample-3_seed-5_sample-1,0.6250197291374207,0.49168777,0.49217996,0.60310614,1.4524528,0.6355543,0.22111668,0.41687176,0.22112939,1.3294466,0.33728594,0.56612056,1.188387,0.9850038,0.5664256,0.9937117,0.006328848,0.3930435,0.35509455,0.18644974,0.008451106
index_0,seed-10_sample-3_seed-2_sample-3,2.8734703063964844,0.2094766,0.20959452,0.25740033,7.0791817,6.2316585,0.20633842,0.23273228,0.20637804,7.9445157,7.372134,2.3453526,5.3201847,5.2654047,2.34691,3.102485,0.007903523,1.3538288,1.3866714,0.8679231,0.009747631
index_0,seed-10_sample-3_seed-5_sample-0,0.42092493176460266,0.15432392,0.154335,0.27131307,0.85151666,0.6694588,0.25409827,0.29010978,0.2541753,0.8697153,0.69493246,0.44898188,0.7134633,1.0276921,0.44964907,0.7284673,0.014664705,0.15567313,0.35353822,0.34406644,0.015465454
index_0,seed-10_sample-3_seed-1_sample-3,0.8222365379333496,0.16443068,0.16445766,0.25202528,1.9235951,3.5134141,0.20203319,0.2405505,0.20210645,1.5678204,3.1758485,0.9669945,1.7702402,1.5249968,0.9677127,1.7561743,0.008963652,0.8756962,0.83193946,0.55244225,0.012252168
index_0,seed-10_sample-3_seed-1_sample-2,3.0548441410064697,0.22069755,0.22081749,0.3070044,6.3842483,5.960329,0.3126959,0.35302418,0.31273746,7.4211574,7.17135,0.53067183,6.0811663,6.0851808,0.5308302,0.89794177,0.00843611,1.3894236,1.5079527,0.1604039,0.009619693
index_0,seed-10_sample-3_seed-2_sample-1,3.031687021255493,0.22674981,0.226791,0.3080011,6.3141685,5.982148,0.21479136,0.25747946,0.21487325,7.3361287,7.187489,2.2634552,5.59686,5.620966,2.264712,2.8737078,0.009238714,1.320731,1.3865917,1.0446002,0.010339379
index_0,seed-10_sample-3_seed-2_sample-0,3.138176679611206,0.19234309,0.1923904,0.29672998,6.3800335,6.079134,0.2780402,0.32377756,0.2781,7.4126363,7.334719,1.0694368,6.007648,6.0540295,1.0697038,1.4188823,0.010534887,1.421404,1.4742632,0.3254024,0.012224104
index_0,seed-10_sample-3_seed-5_sample-3,0.45134052634239197,0.34155202,0.34175634,0.4103819,0.69745976,0.58665615,0.20025864,0.26846373,0.20030938,0.78669167,0.40219787,0.4802094,0.80003846,0.70149726,0.4805338,0.7227706,0.014181187,0.25041687,0.29356664,0.21014471,0.01563857
index_0,seed-5_sample-1_seed-2_sample-3,2.8732707500457764,0.33913532,0.33946368,0.41683954,7.020674,6.1926465,0.1795804,0.33795485,0.17960061,7.640519,7.2527347,2.7924485,5.1604943,5.3291616,2.7946506,3.5836453,0.007963627,1.4506633,1.3428388,1.0048707,0.008554221
index_0,seed-5_sample-1_seed-5_sample-0,0.5979524850845337,0.42701888,0.42750752,0.51030886,1.1946734,0.6732793,0.09256505,0.3258603,0.09268967,0.8567544,0.49615556,0.62398076,1.2182684,1.0453166,0.6242931,0.986523,0.011372866,0.264062,0.1656008,0.4083917,0.013189337
index_0,seed-5_sample-1_seed-1_sample-3,1.0121968984603882,0.42514557,0.42557383,0.48778266,1.3828692,3.3603203,0.14174642,0.30922785,0.14179447,1.1534885,3.1838431,1.4256343,1.7078428,1.9255339,1.4265738,2.6054378,0.008562343,1.0711946,0.90799636,0.70484847,0.01542527
index_0,seed-5_sample-1_seed-1_sample-2,3.364283323287964,0.5652066,0.56578904,0.6429806,6.7908607,5.931182,0.12882203,0.31678092,0.1288722,7.608816,7.048152,1.037637,6.326017,6.3224525,1.0381056,1.8228925,0.0112357745,1.4975595,1.4304591,0.33521304,0.013680435
index_0,seed-5_sample-1_seed-2_sample-1,3.0574259757995605,0.445606,0.44610432,0.5241411,6.335741,5.941838,0.15115455,0.3298865,0.15121908,7.0502405,7.0660706,2.6946933,5.4835835,5.6531405,2.6964326,3.3854425,0.008111937,1.4046481,1.2951428,1.169363,0.008825426
index_0,seed-5_sample-1_seed-2_sample-0,3.4059557914733887,0.51175356,0.51219857,0.57050186,6.78837,6.0503817,0.18038176,0.31570655,0.18043031,7.5950375,7.219695,1.4870708,6.188767,6.28157,1.487467,2.2232509,0.014315054,1.5555896,1.4183798,0.45759225,0.016673243
index_0,seed-5_sample-1_seed-5_sample-3,0.4684530794620514,0.24663323,0.24691768,0.31103545,0.9708879,0.42388922,0.1177987,0.260558,0.1178606,0.933985,0.33677822,0.5967577,0.7547683,0.7818714,0.59700304,0.780341,0.00951209,0.16130245,0.15140574,0.26196146,0.009823701
index_0,seed-2_sample-3_seed-5_sample-0,2.9142253398895264,0.15785043,0.15794757,0.20820357,7.1755257,5.927439,0.20188558,0.22379091,0.20196259,7.754423,6.9455776,2.409976,5.216017,5.1863437,2.412134,3.2967649,0.017121205,1.3529189,1.3720073,0.7585525,0.01785393
index_0,seed-2_sample-3_seed-1_sample-3,2.7710587978363037,0.106727816,0.10685677,0.13447341,6.0838723,5.8400807,0.18325345,0.19467117,0.18328422,6.719424,6.6078935,1.6912789,5.049154,5.014991,1.6925752,2.2067912,0.00837228,1.4131125,1.3887632,0.47278056,0.014420868
index_0,seed-2_sample-3_seed-1_sample-2,1.5915155410766602,0.2711617,0.271463,0.31499714,2.489306,0.49595842,0.2551173,0.28479773,0.2551632,2.7648375,0.534082,2.034392,2.7577977,2.848635,2.0357912,2.6977773,0.0073647965,0.1915414,0.32415435,0.7504739,0.009725126
index_0,seed-2_sample-3_seed-2_sample-1,0.47708049416542053,0.14152223,0.14172937,0.1816888,1.1467682,0.3782628,0.17859961,0.19683416,0.17862593,0.893079,0.38418442,0.45975593,0.88601154,0.99776477,0.4602051,0.6770972,0.0048090126,0.07953184,0.21400727,0.19600044,0.0053493856
index_0,seed-2_sample-3_seed-2_sample-0,1.4136747121810913,0.20012465,0.20030408,0.23981977,2.3322163,0.46530893,0.2730427,0.29432023,0.2730888,2.1805165,0.48561075,1.7941753,2.4226377,2.4616137,1.795617,2.4449546,0.010306089,0.3023034,0.27267134,0.51725817,0.012030956
index_0,seed-2_sample-3_seed-5_sample-3,2.8326072692871094,0.17700587,0.17710233,0.20342474,7.2799983,6.1657195,0.18249562,0.20423305,0.18253726,8.115309,7.228332,2.4658966,5.0762496,5.092452,2.467587,3.2475295,0.015968366,1.4058263,1.3989134,0.8227509,0.01623524
index_0,seed-5_sample-0_seed-1_sample-3,0.8729532361030579,0.12930769,0.12930931,0.1429685,2.0489368,3.1263125,0.13679406,0.1445392,0.136826,1.5458698,2.8782792,0.96632653,1.9452187,1.9625714,0.96732336,1.928893,0.016172359,0.9432531,0.9709938,0.38006753,0.017671488
index_0,seed-5_sample-0_seed-1_sample-2,3.088231325149536,0.2435012,0.24360964,0.2745203,6.808798,5.6697397,0.17336169,0.20268019,0.17342193,7.6812115,6.7510953,0.71794134,5.9210477,5.8160973,0.71865094,1.361689,0.017983736,1.3970864,1.482293,0.36471197,0.0180826
index_0,seed-5_sample-0_seed-2_sample-1,3.051154375076294,0.1598862,0.1599184,0.16747934,6.413988,5.6678486,0.14908813,0.15716332,0.14913736,7.1463575,6.754552,2.2600083,5.445161,5.4244843,2.261587,3.0006907,0.017332265,1.3151387,1.3269485,0.88508457,0.017685613
index_0,seed-5_sample-0_seed-2_sample-0,3.1603572368621826,0.21682651,0.21685292,0.22669052,6.7383695,5.78084,0.20345199,0.21834794,0.20348726,7.5873284,6.926316,1.0761677,5.8623724,5.8373404,1.0764407,1.6694078,0.021669457,1.4349757,1.4678903,0.3388619,0.022068972
index_0,seed-5_sample-0_seed-5_sample-3,0.37391403317451477,0.24335317,0.24356268,0.29050547,0.5731143,0.383363,0.11131371,0.17141071,0.11135412,0.4229554,0.40391758,0.40907076,0.798067,0.7975653,0.40926313,0.6056425,0.0073485924,0.12867832,0.09574218,0.20094934,0.009451131
index_0,seed-1_sample-3_seed-1_sample-2,3.1475508213043213,0.20789227,0.20805599,0.24722022,5.974768,5.7647796,0.22772646,0.25092915,0.22776845,6.7713985,6.593481,0.72931725,6.048717,6.0002503,0.7298797,1.2095165,0.010489527,1.3902057,1.4248239,0.447484,0.011889487
index_0,seed-1_sample-3_seed-2_sample-1,2.9824864864349365,0.096094236,0.09613762,0.11154539,5.635732,5.6930413,0.06803086,0.08198427,0.068037346,6.258247,6.501173,1.5637668,5.423094,5.449519,1.5647459,1.8853016,0.008849887,1.4154091,1.4373753,0.6169477,0.01333587
index_0,seed-1_sample-3_seed-2_sample-0,3.208014726638794,0.13750577,0.13755447,0.14963779,5.9058895,5.805103,0.14410292,0.15509649,0.1441265,6.609088,6.7076087,0.84191626,5.908476,5.9289355,0.84219307,1.0765444,0.012577389,1.3708572,1.4000484,0.2943474,0.015059055
index_0,seed-1_sample-3_seed-5_sample-3,0.8500049114227295,0.24330504,0.24348114,0.26321888,1.9191538,3.1823738,0.084090516,0.118591785,0.08411491,1.6978165,2.9332755,1.074706,1.5708982,1.59112,1.0755526,2.1019182,0.016751677,0.97831446,0.9462551,0.4863911,0.020960718
index_0,seed-1_sample-2_seed-2_sample-1,1.434757113456726,0.193175,0.19325167,0.21847662,1.8927584,0.34832925,0.22623552,0.2440422,0.22630557,2.4891775,0.39710054,1.9661865,2.4109535,2.431838,1.96727,2.4612606,0.010680978,0.20047052,0.32491508,0.91376436,0.011763967
index_0,seed-1_sample-2_seed-2_sample-0,0.49921897053718567,0.12906362,0.12915346,0.17729975,0.4037198,0.30106276,0.2044594,0.22490843,0.20450413,0.54124135,0.33236435,0.7158186,0.8603418,0.85688275,0.7160936,0.7823902,0.005315318,0.12436525,0.06335121,0.21910737,0.0069364957
index_0,seed-1_sample-2_seed-5_sample-3,3.1792194843292236,0.39154068,0.39185897,0.4414026,6.790245,5.9135246,0.21576448,0.26181203,0.2158381,7.8600607,7.039028,0.7898544,6.0367107,5.9875,0.79024357,1.3650889,0.018458065,1.4497495,1.5130264,0.25519136,0.019885944
index_0,seed-2_sample-1_seed-2_sample-0,1.2014527320861816,0.14669836,0.14670335,0.15356421,1.407749,0.41707548,0.1624641,0.17071271,0.16252568,1.6754196,0.44245368,1.671386,2.01941,2.0100148,1.6723715,2.1182983,0.013896728,0.31890914,0.3241653,0.6121845,0.015154472
index_0,seed-2_sample-1_seed-5_sample-3,2.985821485519409,0.24487364,0.2451017,0.28405458,6.5455813,5.912874,0.10630034,0.14947814,0.10633328,7.4879627,7.045344,2.3439944,5.3513274,5.3979893,2.3452768,3.0282435,0.015394417,1.365316,1.3615258,0.959761,0.01565536
index_0,seed-2_sample-0_seed-5_sample-3,3.229135036468506,0.34292346,0.34311768,0.3661958,6.787909,6.0241156,0.16281584,0.18525237,0.16287103,7.817599,7.209356,1.1094952,5.915768,5.941287,1.1097906,1.7144651,0.022024136,1.4962618,1.4955312,0.31123754,0.023602877
